Workbook

Sheet 达成转化的商品_-_06_15_2026T14_38_46 (
A1: 预算货币 | B1: 日期范围 | C1: 广告主账户 ID | D1: 广告主账户名称 | E1: 广告组合编号 | F1: 广告组合名称 | G1: 广告活动编号 | H1: 广告活动名称 | I1: 广告组编号 | J1: 广告组名称 | K1: 达成转化的商品的编号 | L1: SKU | M1: 达成转化的商品的名称 | N1: 达成转化的商品的父编号 | O1: 达成转化的商品品牌 | P1: 达成转化的商品品类 | Q1: 达成转化的商品子品类 | R1: 达成转化的商品组 | S1: 转化的商品市场 | T1: 推广的商品 SKU-Advertised product SKU | U1: 推广的商品编号 | V1: 推广的商品名称 | W1: 推广的商品父级编号 | X1: 推广的商品品牌 | Y1: 推广的商品品类 | Z1: 推广的商品子品类 | AA1: 推广的商品组 | AB1: 推广的商品站点-Advertised product marketplace | AC1: 购买量 | AD1: 销售额 | AE1: 已售商品数量 | AF1: 购买量（光环） | AG1: 销售额（光环） | AH1: 已售商品数量（光环） | AI1: 购买量（品牌新客） | AJ1: 销售额（品牌新客） | AK1: 已售商品数量（品牌新客）
A2: USD | B2: 2026年6月4日 - 2026年6月24日 | C2: ="amzn1.ads-account.g.dfa7o7cwdl371d634ew58i919" -> amzn1.ads-account.g.dfa7o7cwdl371d634ew58i919 | D2: BLOOMNEXT | G2: ="585687237024345541" -> 585687237024345541 | H2: XM1-Y10-视频流媒体电视 | I2: ="585478290940566279" -> 585478290940566279 | J2: 广告组 - 6/2/2026 17:17:52.510 | K2: B092QVZGD3 | L2: =VLOOKUP(K2,Sheet1!A:B,2,FALSE) -> SH-BRY10-GY-38 | M2: BRONAX Pillow Slippers for Women and Men | House Slides Shower Sandals | Cushioned Thick Sole 37-38 Grey | N2: B0FX2TG8CW | O2: BRONAX | P2: 6000 Kids' Shoes | Q2: 6015 Dress | R2: Shoes | S2: AMAZON.COM | AB2: AMAZON.COM | AC2: 8 | AD2: 179.98 | AE2: 8 | AF2: 8 | AG2: 179.98 | AH2: 8 | AI2: 4 | AJ2: 88.68 | AK2: 4
A3: USD | B3: 2026年6月9日 - 2026年6月15日 | C3: ="amzn1.ads-account.g.dfa7o7cwdl371d634ew58i919" -> amzn1.ads-account.g.dfa7o7cwdl371d634ew58i919 | D3: BLOOMNEXT | G3: ="585687237024345541" -> 585687237024345541 | H3: XM1-Y10-视频流媒体电视 | I3: ="585478290940566279" -> 585478290940566279 | J3: 广告组 - 6/2/2026 17:17:52.510 | K3: B0FPQYPC74 | L3: =VLOOKUP(K3,Sheet1!A:B,2,FALSE) -> XM1-Y22-BG-35 | M3: BRONAX Womens Platform Slides Summer Slip On EVA Chunky Heel Thick Sole Open Toe House Sandals for Female Girls Size 5 Washable Quick Dry Beige 35 | N3: B0FPQT7RBN | O3: BRONAX | Q3: Unknown | R3: Shoes | S3: AMAZON.COM | AB3: AMAZON.COM | AC3: 0 | AD3: 0 | AE3: 0 | AF3: 0 | AG3: 0 | AH3: 0 | AI3: 0 | AJ3: 0 | AK3: 0
A4: USD | B4: 2026年6月4日 - 2026年6月23日 | C4: ="amzn1.ads-account.g.dfa7o7cwdl371d634ew58i919" -> amzn1.ads-account.g.dfa7o7cwdl371d634ew58i919 | D4: BLOOMNEXT | G4: ="585687237024345541" -> 585687237024345541 | H4: XM1-Y10-视频流媒体电视 | I4: ="585478290940566279" -> 585478290940566279 | J4: 广告组 - 6/2/2026 17:17:52.510 | K4: B09ZH8VGHS | L4: =VLOOKUP(K4,Sheet1!A:B,2,FALSE) -> LB1-Y15-GY-40 | M4: BRONAX Shower Slides for Women Men Cushion Bathroom Pillow Slippers Beach Foam Thick Sole Adjustable Double Buckle Pool EVA Sandals Male Size Squishy Grey | N4: B09ZHS5Y7D | O4: BRONAX | P4: 5000 Comfort | Q4: 5075 Men's Slippers | R4: Shoes | S4: AMAZON.COM | AB4: AMAZON.COM | AC4: 0 | AD4: 0 | AE4: 0 | AF4: 0 | AG4: 0 | AH4: 0 | AI4: 0 | AJ4: 0 | AK4: 0
A5: USD | B5: 2026年6月4日 - 2026年6月22日 | C5: ="amzn1.ads-account.g.dfa7o7cwdl371d634ew58i919" -> amzn1.ads-account.g.dfa7o7cwdl371d634ew58i919 | D5: BLOOMNEXT | G5: ="585687237024345541" -> 585687237024345541 | H5: XM1-Y10-视频流媒体电视 | I5: ="585478290940566279" -> 585478290940566279 | J5: 广告组 - 6/2/2026 17:17:52.510 | K5: B0DPKWV55N | L5: =VLOOKUP(K5,Sheet1!A:B,2,FALSE) -> SH-BRY180-WT-40N | M5: BRONAX Arch Support Slides for Women and Mens | Cushioned Thick Sole Pain Relief Slippers 7.5-8.5 Women/6-7 Men White | N5: B0FX2Q73Q6 | O5: BRONAX | P5: 7000 Athletic | Q5: 7025 Womens Sandals/Slides | R5: Shoes | S5: AMAZON.COM | AB5: AMAZON.COM | AC5: 2 | AD5: 47.98 | AE5: 2 | AF5: 2 | AG5: 47.98 | AH5: 2 | AI5: 2 | AJ5: 47.98 | AK5: 2
A6: USD | B6: 2026年6月23日 - 2026年6月24日 | C6: ="amzn1.ads-account.g.dfa7o7cwdl371d634ew58i919" -> amzn1.ads-account.g.dfa7o7cwdl371d634ew58i919 | D6: BLOOMNEXT | G6: ="585687237024345541" -> 585687237024345541 | H6: XM1-Y10-视频流媒体电视 | I6: ="585478290940566279" -> 585478290940566279 | J6: 广告组 - 6/2/2026 17:17:52.510 | K6: B0GFD2G4WH | L6: =VLOOKUP(K6,Sheet1!A:B,2,FALSE) -> XM2-S600-DKBU-36 | M6: BRONAX Womens Wide Width Tennis Sneakers Width Walking Shoes Size 6w Zapatos para Mujer Athletic Sport Thick Cushion Sole Dark Blue 36 | N6: B0H41HL3M6 | O6: BRONAX | Q6: Unknown | R6: Shoes | S6: AMAZON.COM | AB6: AMAZON.COM | AC6: 0 | AD6: 0 | AE6: 0 | AF6: 0 | AG6: 0 | AH6: 0 | AI6: 0 | AJ6: 0 | AK6: 0
A7: USD | B7: 2026年6月18日 - 2026年6月23日 | C7: ="amzn1.ads-account.g.dfa7o7cwdl371d634ew58i919" -> amzn1.ads-account.g.dfa7o7cwdl371d634ew58i919 | D7: BLOOMNEXT | G7: ="585687237024345541" -> 585687237024345541 | H7: XM1-Y10-视频流媒体电视 | I7: ="585478290940566279" -> 585478290940566279 | J7: 广告组 - 6/2/2026 17:17:52.510 | K7: B0GKCXZ16T | L7: =VLOOKUP(K7,Sheet1!A:B,2,FALSE) -> XM2-Y90B-TP-W7 | M7: BRONAX Women's Arch Support Orthopedic Flip Flops Thong Sandals Size 7 Shower Summer Plantar Fasciitis Beach Pool Orthotic Flipflops Female Taupe | N7: B0GKCKCSMJ | O7: BRONAX | P7: 5800 Contemporary | Q7: 5840 Women's Non Tech Athletic | R7: Shoes | S7: AMAZON.COM | AB7: AMAZON.COM | AC7: 0 | AD7: 0 | AE7: 0 | AF7: 0 | AG7: 0 | AH7: 0 | AI7: 0 | AJ7: 0 | AK7: 0
A8: USD | B8: 2026年6月8日 - 2026年6月14日 | C8: ="amzn1.ads-account.g.dfa7o7cwdl371d634ew58i919" -> amzn1.ads-account.g.dfa7o7cwdl371d634ew58i919 | D8: BLOOMNEXT | G8: ="585687237024345541" -> 585687237024345541 | H8: XM1-Y10-视频流媒体电视 | I8: ="585478290940566279" -> 585478290940566279 | J8: 广告组 - 6/2/2026 17:17:52.510 | K8: B0FPQWJ73L | L8: =VLOOKUP(K8,Sheet1!A:B,2,FALSE) -> XM1-Y22-GY-39 | M8: BRONAX Platform Slides for Women EVA Thick Sole Indoor Home Slip On Wedge Heel Female Sandals Summer Breathable Outdoor Beach Slip On Size 9 Grey 39 | N8: B0FPQT7RBN | O8: BRONAX | P8: 7000 Athletic | Q8: 7025 Womens Sandals/Slides | R8: Shoes | S8: AMAZON.COM | AB8: AMAZON.COM | AC8: 0 | AD8: 0 | AE8: 0 | AF8: 0 | AG8: 0 | AH8: 0 | AI8: 0 | AJ8: 0 | AK8: 0
A9: USD | B9: 2026年6月8日 - 2026年6月24日 | C9: ="amzn1.ads-account.g.dfa7o7cwdl371d634ew58i919" -> amzn1.ads-account.g.dfa7o7cwdl371d634ew58i919 | D9: BLOOMNEXT | G9: ="585687237024345541" -> 585687237024345541 | H9: XM1-Y10-视频流媒体电视 | I9: ="585478290940566279" -> 585478290940566279 | J9: 广告组 - 6/2/2026 17:17:52.510 | K9: B0B4K3N8VS | L9: =VLOOKUP(K9,Sheet1!A:B,2,FALSE) -> XM2-S71-PL-39 | M9: BRONAX Womens Wide Tennis Shoes Road Running Jogging Fitness Size 8w Athletics Sports Breathable Mesh Gym Sneakers Zapatos Deportivos De Mujer Pregnant Swollen Purple 39 | N9: B0DK7YD2KT | O9: BRONAX | P9: 7000 Athletic | Q9: 7036 Womens Action Sports | R9: Shoes | S9: AMAZON.COM | AB9: AMAZON.COM | AC9: 0 | AD9: 0 | AE9: 0 | AF9: 0 | AG9: 0 | AH9: 0 | AI9: 0 | AJ9: 0 | AK9: 0
A10: USD | B10: 2026年6月13日 - 2026年6月24日 | C10: ="amzn1.ads-account.g.dfa7o7cwdl371d634ew58i919" -> amzn1.ads-account.g.dfa7o7cwdl371d634ew58i919 | D10: BLOOMNEXT | G10: ="585687237024345541" -> 585687237024345541 | H10: XM1-Y10-视频流媒体电视 | I10: ="585478290940566279" -> 585478290940566279 | J10: 广告组 - 6/2/2026 17:17:52.510 | K10: B09ZH882L7 | L10: =VLOOKUP(K10,Sheet1!A:B,2,FALSE) -> LB1-Y15-GY-41 | M10: BRONAX Shower Slides for Women Men Cushion Pillow Slippers Bathroom Beach Thick Sole Open Toe Double Buckle Pool EVA Sandals Male Size Cozislides Grey | N10: B09ZHS5Y7D | O10: BRONAX | P10: 5000 Comfort | Q10: 5075 Men's Slippers | R10: Shoes | S10: AMAZON.COM | AB10: AMAZON.COM | AC10: 0 | AD10: 0 | AE10: 0 | AF10: 0 | AG10: 0 | AH10: 0 | AI10: 0 | AJ10: 0 | AK10: 0
A11: USD | B11: 2026年6月4日 - 2026年6月23日 | C11: ="amzn1.ads-account.g.dfa7o7cwdl371d634ew58i919" -> amzn1.ads-account.g.dfa7o7cwdl371d634ew58i919 | D11: BLOOMNEXT | G11: ="585687237024345541" -> 585687237024345541 | H11: XM1-Y10-视频流媒体电视 | I11: ="585478290940566279" -> 585478290940566279 | J11: 广告组 - 6/2/2026 17:17:52.510 | K11: B0DSC276H9 | L11: =VLOOKUP(K11,Sheet1!A:B,2,FALSE) -> SH-BRY80-BK-10 | M11: BRONAX Slippers for Women Men Unisex Soft Comfy Summer Shower Shoes House Home Open Toe Chanclas para Mujer Slides Size 10 Indoor Bathroom Outdoor Beach Pool EVA Sole Sandals Black | N11: B0DSBZM8M6 | O11: BRONAX | P11: 5800 Contemporary | Q11: 5870 Women's Slippers | R11: Shoes | S11: AMAZON.COM | AB11: AMAZON.COM | AC11: 0 | AD11: 0 | AE11: 0 | AF11: 0 | AG11: 0 | AH11: 0 | AI11: 0 | AJ11: 0 | AK11: 0
A12: USD | B12: 2026年6月11日 - 2026年6月20日 | C12: ="amzn1.ads-account.g.dfa7o7cwdl371d634ew58i919" -> amzn1.ads-account.g.dfa7o7cwdl371d634ew58i919 | D12: BLOOMNEXT | G12: ="585687237024345541" -> 585687237024345541 | H12: XM1-Y10-视频流媒体电视 | I12: ="585478290940566279" -> 585478290940566279 | J12: 广告组 - 6/2/2026 17:17:52.510 | K12: B0DCV88LGF | L12: =VLOOKUP(K12,Sheet1!A:B,2,FALSE) -> XM2-S75-PL-39 | M12: BRONAX Womens Wide Width Tennis Shoes Wide Toe Box Road Running Sneakers Female Size 8w Slip Resistant Fitness Gym Walking Trendy Lightweight Suede Mesh Purple 39 | N12: B0DCV7KQJM | O12: BRONAX | P12: 5000 Comfort | Q12: 5045 Men's Non Tech Athletic | R12: Shoes | S12: AMAZON.COM | AB12: AMAZON.COM | AC12: 0 | AD12: 0 | AE12: 0 | AF12: 0 | AG12: 0 | AH12: 0 | AI12: 0 | AJ12: 0 | AK12: 0
A13: USD | B13: 2026年6月13日 - 2026年6月23日 | C13: ="amzn1.ads-account.g.dfa7o7cwdl371d634ew58i919" -> amzn1.ads-account.g.dfa7o7cwdl371d634ew58i919 | D13: BLOOMNEXT | G13: ="585687237024345541" -> 585687237024345541 | H13: XM1-Y10-视频流媒体电视 | I13: ="585478290940566279" -> 585478290940566279 | J13: 广告组 - 6/2/2026 17:17:52.510 | K13: B0DCV8VNCS | L13: =VLOOKUP(K13,Sheet1!A:B,2,FALSE) -> XM2-S75-GY-43 | M13: BRONAX Womens Wide Toe Box Road Running Shoes Size 11w Width Sneakers Female Lady Suede Mesh Walking Gym Outdoor Rubber Outsole Stylish Jogging Lace Up Grey 43 | N13: B0DCV7KQJM | O13: BRONAX | P13: 7000 Athletic | Q13: 7036 Womens Action Sports | R13: Shoes | S13: AMAZON.COM | AB13: AMAZON.COM | AC13: 0 | AD13: 0 | AE13: 0 | AF13: 0 | AG13: 0 | AH13: 0 | AI13: 0 | AJ13: 0 | AK13: 0
A14: USD | B14: 2026年6月5日 - 2026年6月12日 | C14: ="amzn1.ads-account.g.dfa7o7cwdl371d634ew58i919" -> amzn1.ads-account.g.dfa7o7cwdl371d634ew58i919 | D14: BLOOMNEXT | G14: ="585687237024345541" -> 585687237024345541 | H14: XM1-Y10-视频流媒体电视 | I14: ="585478290940566279" -> 585478290940566279 | J14: 广告组 - 6/2/2026 17:17:52.510 | K14: B0CGDD9SZ4 | L14: =VLOOKUP(K14,Sheet1!A:B,2,FALSE) -> XM2-S73-ABK-36 | M14: BRONAX Womens Wide Road Running Shoes Tennis Walking Lace up Size 5.5w Lightweght Athletics Comfortable Female Cushion Sole Footwear Pregnant Pregnancy All Black 36 | N14: B0DK7YD2KT | O14: BRONAX | P14: 7000 Athletic | Q14: 7036 Womens Action Sports | R14: Shoes | S14: AMAZON.COM | AB14: AMAZON.COM | AC14: 0 | AD14: 0 | AE14: 0 | AF14: 0 | AG14: 0 | AH14: 0 | AI14: 0 | AJ14: 0 | AK14: 0
A15: USD | B15: 2026年6月6日 - 2026年6月23日 | C15: ="amzn1.ads-account.g.dfa7o7cwdl371d634ew58i919" -> amzn1.ads-account.g.dfa7o7cwdl371d634ew58i919 | D15: BLOOMNEXT | G15: ="585687237024345541" -> 585687237024345541 | H15: XM1-Y10-视频流媒体电视 | I15: ="585478290940566279" -> 585478290940566279 | J15: 广告组 - 6/2/2026 17:17:52.510 | K15: B09ZHCQY1N | L15: =VLOOKUP(K15,Sheet1!A:B,2,FALSE) -> LB1-Y15-BN-43 | M15: BRONAX Pillow Slippers Shower Slides for women Mens Bathroom Beach House Cushion Quick Drying Pool EVA Extra Thick Sole Sandals Size Male Cozislides Brown | N15: B09ZHS5Y7D | O15: BRONAX | P15: 5000 Comfort | Q15: 5055 Men's Sandals | R15: Shoes | S15: AMAZON.COM | AB15: AMAZON.COM | AC15: 0 | AD15: 0 | AE15: 0 | AF15: 0 | AG15: 0 | AH15: 0 | AI15: 0 | AJ15: 0 | AK15: 0
A16: USD | B16: 2026年6月15日 - 2026年6月15日 | C16: ="amzn1.ads-account.g.dfa7o7cwdl371d634ew58i919" -> amzn1.ads-account.g.dfa7o7cwdl371d634ew58i919 | D16: BLOOMNEXT | G16: ="585687237024345541" -> 585687237024345541 | H16: XM1-Y10-视频流媒体电视 | I16: ="585478290940566279" -> 585478290940566279 | J16: 广告组 - 6/2/2026 17:17:52.510 | K16: B0BCJZQ385 | L16: =VLOOKUP(K16,Sheet1!A:B,2,FALSE) -> SH-BRS71-ABK-43N | M16: BRONAX Mens Wide Toe Box Running Tennis Shoes Gym Tennis Athletics Size 9.5 Sports Mesh Walking Rubber Outsole Sneakers for Male Black 43 | N16: B0DGCM33J2 | O16: BRONAX | P16: 7000 Athletic | Q16: 7006 Mens Racquet Sports | R16: Shoes | S16: AMAZON.COM | AB16: AMAZON.COM | AC16: 0 | AD16: 0 | AE16: 0 | AF16: 0 | AG16: 0 | AH16: 0 | AI16: 0 | AJ16: 0 | AK16: 0
A17: USD | B17: 2026年6月4日 - 2026年6月24日 | C17: ="amzn1.ads-account.g.dfa7o7cwdl371d634ew58i919" -> amzn1.ads-account.g.dfa7o7cwdl371d634ew58i919 | D17: BLOOMNEXT | G17: ="585687237024345541" -> 585687237024345541 | H17: XM1-Y10-视频流媒体电视 | I17: ="585478290940566279" -> 585478290940566279 | J17: 广告组 - 6/2/2026 17:17:52.510 | K17: B09X53Z5LL | L17: =VLOOKUP(K17,Sheet1!A:B,2,FALSE) -> SH-BRY10-WT-43 | M17: BRONAX Pillow Slippers for Women and Men | House Slides Shower Sandals | Cushioned Thick Sole 42-43 White | N17: B0FX2TG8CW | O17: BRONAX | P17: 5000 Comfort | Q17: 5070 Women's Slippers | R17: Shoes | S17: AMAZON.COM | AB17: AMAZON.COM | AC17: 3 | AD17: 63.67 | AE17: 3 | AF17: 3 | AG17: 63.67 | AH17: 3 | AI17: 2 | AJ17: 39.68 | AK17: 2
A18: USD | B18: 2026年6月12日 - 2026年6月14日 | C18: ="amzn1.ads-account.g.dfa7o7cwdl371d634ew58i919" -> amzn1.ads-account.g.dfa7o7cwdl371d634ew58i919 | D18: BLOOMNEXT | G18: ="585687237024345541" -> 585687237024345541 | H18: XM1-Y10-视频流媒体电视 | I18: ="585478290940566279" -> 585478290940566279 | J18: 广告组 - 6/2/2026 17:17:52.510 | K18: B09P4278ZP | L18: =VLOOKUP(K18,Sheet1!A:B,2,FALSE) -> SH-BRS71-BU-43 | M18: BRONAX Mens Wide Toe Box Running Tennis Shoes Gym Tennis Athletics Size 9.5 Sports Mesh Walking Rubber Outsole Sneakers for Male Blue 43 | N18: B0DGCM33J2 | O18: BRONAX | P18: 4000 Men's Shoes | Q18: 4040 Non Tech Athletic | R18: Shoes | S18: AMAZON.COM | AB18: AMAZON.COM | AC18: 0 | AD18: 0 | AE18: 0 | AF18: 0 | AG18: 0 | AH18: 0 | AI18: 0 | AJ18: 0 | AK18: 0
... A26: USD | B26: 2026年6月5日 - 2026年6月15日 | C26: ="amzn1.ads-account.g.dfa7o7cwdl371d634ew58i919" -> amzn1.ads-account.g.dfa7o7cwdl371d634ew58i919 | D26: BLOOMNEXT | G26: ="585687237024345541" -> 585687237024345541 | H26: XM1-Y10-视频流媒体电视 | I26: ="585478290940566279" -> 585478290940566279 | J26: 广告组 - 6/2/2026 17:17:52.510 | K26: B09ZHB4XFB | L26: =VLOOKUP(K26,Sheet1!A:B,2,FALSE) -> LB1-Y15-BG-38 | M26: BRONAX Slides for Women Men Pillow Shower Slippers Bathroom Adjustable Double Buckle Beach Bath Cushion Foam Extra Thick Sole EVA Pool Sandals Size Cozy Beige | N26: B09ZHS5Y7D | O26: BRONAX | P26: 5000 Comfort | Q26: 5050 Women's Sandals | R26: Shoes | S26: AMAZON.COM | AB26: AMAZON.COM | AC26: 1 | AD26: 13.99 | AE26: 1 | AF26: 1 | AG26: 13.99 | AH26: 1 | AI26: 1 | AJ26: 13.99 | AK26: 1
A27: USD | B27: 2026年6月3日 - 2026年6月23日 | C27: ="amzn1.ads-account.g.dfa7o7cwdl371d634ew58i919" -> amzn1.ads-account.g.dfa7o7cwdl371d634ew58i919 | D27: BLOOMNEXT | G27: ="585687237024345541" -> 585687237024345541 | H27: XM1-Y10-视频流媒体电视 | I27: ="585478290940566279" -> 585478290940566279 | J27: 广告组 - 6/2/2026 17:17:52.510 | K27: B0GKDM5444 | L27: =VLOOKUP(K27,Sheet1!A:B,2,FALSE) -> XM2-Y90B-BK-W10 | M27: BRONAX Arch Support Flip Flops Thong Orthopedic Sandals for Women Size 10 Summer Plantar Fasciitis Beach Pool Flat Slides Orthotic Female Black | N27: B0GKCKCSMJ | O27: BRONAX | Q27: Unknown | R27: Shoes | S27: AMAZON.COM | AB27: AMAZON.COM | AC27: 4 | AD27: 49.95 | AE27: 5 | AF27: 4 | AG27: 49.95 | AH27: 5 | AI27: 2 | AJ27: 19.98 | AK27: 2
A28: USD | B28: 2026年6月9日 - 2026年6月23日 | C28: ="amzn1.ads-account.g.dfa7o7cwdl371d634ew58i919" -> amzn1.ads-account.g.dfa7o7cwdl371d634ew58i919 | D28: BLOOMNEXT | G28: ="585687237024345541" -> 585687237024345541 | H28: XM1-Y10-视频流媒体电视 | I28: ="585478290940566279" -> 585478290940566279 | J28: 广告组 - 6/2/2026 17:17:52.510 | K28: B0D45GZN55 | L28: =VLOOKUP(K28,Sheet1!A:B,2,FALSE) -> XM2-S73-GN-38 | M28: BRONAX Wide Tennis Shoes for Women Lace up Comfortable Stylish Size 7w Female Road Running Sports Athletics Fitness Footwear Pregnancy Fashion Jogging Sneakers Green 38 | N28: B0DK7YD2KT | O28: BRONAX | P28: 1000 Women's Private Label Shoes | Q28: 1012 Women's Heeled Sandals | R28: Shoes | S28: AMAZON.COM | AB28: AMAZON.COM | AC28: 0 | AD28: 0 | AE28: 0 | AF28: 0 | AG28: 0 | AH28: 0 | AI28: 0 | AJ28: 0 | AK28: 0
A29: USD | B29: 2026年6月3日 - 2026年6月23日 | C29: ="amzn1.ads-account.g.dfa7o7cwdl371d634ew58i919" -> amzn1.ads-account.g.dfa7o7cwdl371d634ew58i919 | D29: BLOOMNEXT | G29: ="585687237024345541" -> 585687237024345541 | H29: XM1-Y10-视频流媒体电视 | I29: ="585478290940566279" -> 585478290940566279 | J29: 广告组 - 6/2/2026 17:17:52.510 | K29: B09BN5N29J | L29: =VLOOKUP(K29,Sheet1!A:B,2,FALSE) -> SH-BRY10-OLGN-40 | M29: BRONAX Pillow Slippers for Women and Men | House Slides Shower Sandals | Cushioned Thick Sole 39-40 Olive Green | N29: B0FX2TG8CW | O29: BRONAX | P29: 6000 Kids' Shoes | Q29: 6020 Casual | R29: Shoes | S29: AMAZON.COM | AB29: AMAZON.COM | AC29: 0 | AD29: 0 | AE29: 0 | AF29: 0 | AG29: 0 | AH29: 0 | AI29: 0 | AJ29: 0 | AK29: 0
A30: USD | B30: 2026年6月3日 - 2026年6月24日 | C30: ="amzn1.ads-account.g.dfa7o7cwdl371d634ew58i919" -> amzn1.ads-account.g.dfa7o7cwdl371d634ew58i919 | D30: BLOOMNEXT | G30: ="585687237024345541" -> 585687237024345541 | H30: XM1-Y10-视频流媒体电视 | I30: ="585478290940566279" -> 585478290940566279 | J30: 广告组 - 6/2/2026 17:17:52.510 | K30: B09BN6ZX7M | L30: =VLOOKUP(K30,Sheet1!A:B,2,FALSE) -> SH-BRY10-BU-40 | M30: BRONAX Pillow Slippers for Women and Men | House Slides Shower Sandals | Cushioned Thick Sole 39-40 Blue | N30: B0FX2TG8CW | O30: BRONAX | P30: 5800 Contemporary | Q30: 5870 Women's Slippers | R30: Shoes | S30: AMAZON.COM | AB30: AMAZON.COM | AC30: 10 | AD30: 227.96 | AE30: 10 | AF30: 10 | AG30: 227.96 | AH30: 10 | AI30: 6 | AJ30: 132 | AK30: 6
A31: USD | B31: 2026年6月5日 - 2026年6月20日 | C31: ="amzn1.ads-account.g.dfa7o7cwdl371d634ew58i919" -> amzn1.ads-account.g.dfa7o7cwdl371d634ew58i919 | D31: BLOOMNEXT | G31: ="585687237024345541" -> 585687237024345541 | H31: XM1-Y10-视频流媒体电视 | I31: ="585478290940566279" -> 585478290940566279 | J31: 广告组 - 6/2/2026 17:17:52.510 | K31: B09BN8WRZC | L31: =VLOOKUP(K31,Sheet1!A:B,2,FALSE) -> SH-BRY10-PL-36 | M31: BRONAX Pillow Slippers for Women and Men | House Slides Shower Sandals | Cushioned Thick Sole 35-36 Purple | N31: B0FX2TG8CW | O31: BRONAX | P31: 5900 Classics | Q31: 5950 Women's Sandals | R31: Shoes | S31: AMAZON.COM | AB31: AMAZON.COM | AC31: 0 | AD31: 0 | AE31: 0 | AF31: 0 | AG31: 0 | AH31: 0 | AI31: 0 | AJ31: 0 | AK31: 0
A32: USD | B32: 2026年6月3日 - 2026年6月24日 | C32: ="amzn1.ads-account.g.dfa7o7cwdl371d634ew58i919" -> amzn1.ads-account.g.dfa7o7cwdl371d634ew58i919 | D32: BLOOMNEXT | G32: ="585687237024345541" -> 585687237024345541 | H32: XM1-Y10-视频流媒体电视 | I32: ="585478290940566279" -> 585478290940566279 | J32: 广告组 - 6/2/2026 17:17:52.510 | K32: B092QVGGBZ | L32: =VLOOKUP(K32,Sheet1!A:B,2,FALSE) -> SH-BRY10-PK-40 | M32: BRONAX Pillow Slippers for Women and Men | House Slides Shower Sandals | Cushioned Thick Sole 39-40 Pink | N32: B0FX2TG8CW | O32: BRONAX | P32: 5900 Classics | Q32: 5950 Women's Sandals | R32: Shoes | S32: AMAZON.COM | AB32: AMAZON.COM | AC32: 14 | AD32: 317.22 | AE32: 14 | AF32: 14 | AG32: 317.22 | AH32: 14 | AI32: 9 | AJ32: 201.93 | AK32: 9
A33: USD | B33: 2026年6月7日 - 2026年6月23日 | C33: ="amzn1.ads-account.g.dfa7o7cwdl371d634ew58i919" -> amzn1.ads-account.g.dfa7o7cwdl371d634ew58i919 | D33: BLOOMNEXT | G33: ="585687237024345541" -> 585687237024345541 | H33: XM1-Y10-视频流媒体电视 | I33: ="585478290940566279" -> 585478290940566279 | J33: 广告组 - 6/2/2026 17:17:52.510 | K33: B0CW1BC7BJ | L33: =VLOOKUP(K33,Sheet1!A:B,2,FALSE) -> SH-BRY180-CL-43 | M33: BRONAX Arch Support Slides for Women and Mens | Cushioned Thick Sole Pain Relief Slippers 10.5-11.5 Women/9-10 Men Chocolate | N33: B0FX2Q73Q6 | O33: BRONAX | P33: 5000 Comfort | Q33: 5050 Women's Sandals | R33: Shoes | S33: AMAZON.COM | AB33: AMAZON.COM | AC33: 1 | AD33: 21.64 | AE33: 1 | AF33: 1 | AG33: 21.64 | AH33: 1 | AI33: 1 | AJ33: 21.64 | AK33: 1
A34: USD | B34: 2026年6月8日 - 2026年6月23日 | C34: ="amzn1.ads-account.g.dfa7o7cwdl371d634ew58i919" -> amzn1.ads-account.g.dfa7o7cwdl371d634ew58i919 | D34: BLOOMNEXT | G34: ="585687237024345541" -> 585687237024345541 | H34: XM1-Y10-视频流媒体电视 | I34: ="585478290940566279" -> 585478290940566279 | J34: 广告组 - 6/2/2026 17:17:52.510 | K34: B0FPQW2PP7 | L34: =VLOOKUP(K34,Sheet1!A:B,2,FALSE) -> XM1-Y22-BG-39 | M34: BRONAX Platform Slides for Women EVA Thick Sole Indoor Home Slip On Wedge Heel Female Sandals Summer Breathable Size 9 Outdoor Beach Washable Beige 39 | N34: B0FPQT7RBN | O34: BRONAX | P34: 5000 Comfort | Q34: 5040 Women's Non Tech Athletic | R34: Shoes | S34: AMAZON.COM | AB34: AMAZON.COM | AC34: 0 | AD34: 0 | AE34: 0 | AF34: 0 | AG34: 0 | AH34: 0 | AI34: 0 | AJ34: 0 | AK34: 0
A35: USD | B35: 2026年6月6日 - 2026年6月13日 | C35: ="amzn1.ads-account.g.dfa7o7cwdl371d634ew58i919" -> amzn1.ads-account.g.dfa7o7cwdl371d634ew58i919 | D35: BLOOMNEXT | G35: ="585687237024345541" -> 585687237024345541 | H35: XM1-Y10-视频流媒体电视 | I35: ="585478290940566279" -> 585478290940566279 | J35: 广告组 - 6/2/2026 17:17:52.510 | K35: B08K323M2N | L35: =VLOOKUP(K35,Sheet1!A:B,2,FALSE) -> XM2-KD7-BKBU-30 | M35: BRONAX Little Boys Tenni Shoe Lightweight Size 12 Zapatos para Niños Sneakers for Running Athletic Sports Tennis Gym Little Children Blue 30 | N35: B0CFF747QG | O35: BRONAX | P35: 6000 Kids' Shoes | Q35: 6020 Casual | R35: Shoes | S35: AMAZON.COM | AB35: AMAZON.COM | AC35: 0 | AD35: 0 | AE35: 0 | AF35: 0 | AG35: 0 | AH35: 0 | AI35: 0 | AJ35: 0 | AK35: 0
A36: USD | B36: 2026年6月3日 - 2026年6月22日 | C36: ="amzn1.ads-account.g.dfa7o7cwdl371d634ew58i919" -> amzn1.ads-account.g.dfa7o7cwdl371d634ew58i919 | D36: BLOOMNEXT | G36: ="585687237024345541" -> 585687237024345541 | H36: XM1-Y10-视频流媒体电视 | I36: ="585478290940566279" -> 585478290940566279 | J36: 广告组 - 6/2/2026 17:17:52.510 | K36: B0CN9BGWFS | L36: =VLOOKUP(K36,Sheet1!A:B,2,FALSE) -> SH-BRY180-BN-40 | M36: BRONAX Arch Support Slides for Women and Mens | Cushioned Thick Sole Pain Relief Slippers 7.5-8.5 Women/6-7 Men Brown | N36: B0FX2Q73Q6 | O36: BRONAX | P36: 5000 Comfort | Q36: 5070 Women's Slippers | R36: Shoes | S36: AMAZON.COM | AB36: AMAZON.COM | AC36: 0 | AD36: 0 | AE36: 0 | AF36: 0 | AG36: 0 | AH36: 0 | AI36: 0 | AJ36: 0 | AK36: 0
A37: USD | B37: 2026年6月3日 - 2026年6月11日 | C37: ="amzn1.ads-account.g.dfa7o7cwdl371d634ew58i919" -> amzn1.ads-account.g.dfa7o7cwdl371d634ew58i919 | D37: BLOOMNEXT | G37: ="585687237024345541" -> 585687237024345541 | H37: XM1-Y10-视频流媒体电视 | I37: ="585478290940566279" -> 585478290940566279 | J37: 广告组 - 6/2/2026 17:17:52.510 | K37: B09ZHS5Y7D | L37: =VLOOKUP(K37,Sheet1!A:B,2,FALSE) -> SP-DMJIK4O9FQ35OSSV | M37: BRONAX Pillow Slippers for Women and Men | Adjustable Double Buckle Shower Slides | Cushioned Thick Sole Sandals | N37: -1 | O37: BRONAX | Q37: Unknown | R37: Shoes | S37: AMAZON.COM | AB37: AMAZON.COM | AC37: 0 | AD37: 0 | AE37: 0 | AF37: 0 | AG37: 0 | AH37: 0 | AI37: 0 | AJ37: 0 | AK37: 0
A38: USD | B38: 2026年6月22日 - 2026年6月23日 | C38: ="amzn1.ads-account.g.dfa7o7cwdl371d634ew58i919" -> amzn1.ads-account.g.dfa7o7cwdl371d634ew58i919 | D38: BLOOMNEXT | G38: ="585687237024345541" -> 585687237024345541 | H38: XM1-Y10-视频流媒体电视 | I38: ="585478290940566279" -> 585478290940566279 | J38: 广告组 - 6/2/2026 17:17:52.510 | K38: B0B4JXMZV3 | L38: =VLOOKUP(K38,Sheet1!A:B,2,FALSE) -> XM2-S71-LTBU-43 | M38: BRONAX Womens Wide Road Running Shoes Lace up Tennis Walking Gym Size 11w Lightweght Athletics Comfortable Cushion Cross Training Female Pregnancy Rubber Sole Light Blue 43 | N38: B0DK7YD2KT | O38: BRONAX | P38: 7000 Athletic | Q38: 7036 Womens Action Sports | R38: Shoes | S38: AMAZON.COM | AB38: AMAZON.COM | AC38: 0 | AD38: 0 | AE38: 0 | AF38: 0 | AG38: 0 | AH38: 0 | AI38: 0 | AJ38: 0 | AK38: 0
A39: USD | B39: 2026年6月23日 - 2026年6月24日 | C39: ="amzn1.ads-account.g.dfa7o7cwdl371d634ew58i919" -> amzn1.ads-account.g.dfa7o7cwdl371d634ew58i919 | D39: BLOOMNEXT | G39: ="585687237024345541" -> 585687237024345541 | H39: XM1-Y10-视频流媒体电视 | I39: ="585478290940566279" -> 585478290940566279 | J39: 广告组 - 6/2/2026 17:17:52.510 | K39: B0DCV8JQHC | L39: =VLOOKUP(K39,Sheet1!A:B,2,FALSE) -> XM2-S75-BK-36 | M39: BRONAX Womens Wide Toe Box Tennis Shoes Wide Width Walking Sneakers Size 5.5w Female Casual Athletics Sport Sneakers Suede Mesh Lace up Outdoor Breathable Black 36 | N39: B0DCV7KQJM | O39: BRONAX | P39: 1000 Women's Private Label Shoes | Q39: 1012 Women's Heeled Sandals | R39: Shoes | S39: AMAZON.COM | AB39: AMAZON.COM | AC39: 1 | AD39: 37.99 | AE39: 1 | AF39: 1 | AG39: 37.99 | AH39: 1 | AI39: 1 | AJ39: 37.99 | AK39: 1
A40: USD | B40: 2026年6月11日 - 2026年6月23日 | C40: ="amzn1.ads-account.g.dfa7o7cwdl371d634ew58i919" -> amzn1.ads-account.g.dfa7o7cwdl371d634ew58i919 | D40: BLOOMNEXT | G40: ="585687237024345541" -> 585687237024345541 | H40: XM1-Y10-视频流媒体电视 | I40: ="585478290940566279" -> 585478290940566279 | J40: 广告组 - 6/2/2026 17:17:52.510 | K40: B0FRD7SGR5 | L40: =VLOOKUP(K40,Sheet1!A:B,2,FALSE) -> XM1-L200-DKBU-36 | M40: BRONAX Womens Wide Walking Shoes Running Athletic Tennis Rubber Outsole Sneakers Jogging Female Footwear Size 6 Dark Blue 36 | N40: B0FRQZD9PB | O40: BRONAX | P40: 7000 Athletic | Q40: 7021 Womens Running | R40: Shoes | S40: AMAZON.COM | AB40: AMAZON.COM | AC40: 0 | AD40: 0 | AE40: 0 | AF40: 0 | AG40: 0 | AH40: 0 | AI40: 0 | AJ40: 0 | AK40: 0
A41: USD | B41: 2026年6月3日 - 2026年6月23日 | C41: ="amzn1.ads-account.g.dfa7o7cwdl371d634ew58i919" -> amzn1.ads-account.g.dfa7o7cwdl371d634ew58i919 | D41: BLOOMNEXT | G41: ="585687237024345541" -> 585687237024345541 | H41: XM1-Y10-视频流媒体电视 | I41: ="585478290940566279" -> 585478290940566279 | J41: 广告组 - 6/2/2026 17:17:52.510 | K41: B0CW18S42T | L41: =VLOOKUP(K41,Sheet1!A:B,2,FALSE) -> SH-BRY180-TPL-38 | M41: BRONAX Arch Support Slides for Women and Mens | Cushioned Thick Sole Pain Relief Slippers 6-7 Women/4.5-5.5 Men Purple | N41: B0FX2Q73Q6 | O41: BRONAX | P41: 5000 Comfort | Q41: 5050 Women's Sandals | R41: Shoes | S41: AMAZON.COM | AB41: AMAZON.COM | AC41: 1 | AD41: 23.99 | AE41: 1 | AF41: 1 | AG41: 23.99 | AH41: 1 | AI41: 0 | AJ41: 0 | AK41: 0
A42: USD | B42: 2026年6月3日 - 2026年6月24日 | C42: ="amzn1.ads-account.g.dfa7o7cwdl371d634ew58i919" -> amzn1.ads-account.g.dfa7o7cwdl371d634ew58i919 | D42: BLOOMNEXT | G42: ="585687237024345541" -> 585687237024345541 | H42: XM1-Y10-视频流媒体电视 | I42: ="585478290940566279" -> 585478290940566279 | J42: 广告组 - 6/2/2026 17:17:52.510 | K42: B0CRRHFKN7 | L42: =VLOOKUP(K42,Sheet1!A:B,2,FALSE) -> SH-BRY180-BK-47 | M42: BRONAX Arch Support Slides for Women and Mens | Cushioned Thick Sole Pain Relief Slippers 13.5-14.5 Women/11.5-12.5 Men Black | N42: B0FX2Q73Q6 | O42: BRONAX | P42: 5000 Comfort | Q42: 5055 Men's Sandals | R42: Shoes | S42: AMAZON.COM | AB42: AMAZON.COM | AC42: 7 | AD42: 139.93 | AE42: 7 | AF42: 7 | AG42: 139.93 | AH42: 7 | AI42: 1 | AJ42: 19.99 | AK42: 1
A43: USD | B43: 2026年6月3日 - 2026年6月24日 | C43: ="amzn1.ads-account.g.dfa7o7cwdl371d634ew58i919" -> amzn1.ads-account.g.dfa7o7cwdl371d634ew58i919 | D43: BLOOMNEXT | G43: ="585687237024345541" -> 585687237024345541 | H43: XM1-Y10-视频流媒体电视 | I43: ="585478290940566279" -> 585478290940566279 | J43: 广告组 - 6/2/2026 17:17:52.510 | K43: B0CW661951 | L43: =VLOOKUP(K43,Sheet1!A:B,2,FALSE) -> SH-BRY180-BN-41N | M43: BRONAX Arch Support Slides for Women and Mens | Cushioned Thick Sole Pain Relief Slippers 9-10 Women/7.5-8.5 Men Brown | N43: B0FX2Q73Q6 | O43: BRONAX | P43: 5000 Comfort | Q43: 5050 Women's Sandals | R43: Shoes | S43: AMAZON.COM | AB43: AMAZON.COM | AC43: 1 | AD43: 23.99 | AE43: 1 | AF43: 1 | AG43: 23.99 | AH43: 1 | AI43: 0 | AJ43: 0 | AK43: 0
A44: USD | B44: 2026年6月18日 - 2026年6月20日 | C44: ="amzn1.ads-account.g.dfa7o7cwdl371d634ew58i919" -> amzn1.ads-account.g.dfa7o7cwdl371d634ew58i919 | D44: BLOOMNEXT | G44: ="585687237024345541" -> 585687237024345541 | H44: XM1-Y10-视频流媒体电视 | I44: ="585478290940566279" -> 585478290940566279 | J44: 广告组 - 6/2/2026 17:17:52.510 | K44: B0GFD4NJB1 | L44: =VLOOKUP(K44,Sheet1!A:B,2,FALSE) -> XM2-S600-GY-37.5 | M44: BRONAX Womens Wide Toe Box Walking Shoes Cushion Running Tennis Sneakers Size 7w Comfy Mesh Athletic Rubber Outsole Grey 37.5 | N44: B0H41HL3M6 | O44: BRONAX | P44: 5800 Contemporary | Q44: 5840 Women's Non Tech Athletic | R44: Shoes | S44: AMAZON.COM | AB44: AMAZON.COM | AC44: 0 | AD44: 0 | AE44: 0 | AF44: 0 | AG44: 0 | AH44: 0 | AI44: 0 | AJ44: 0 | AK44: 0
A45: USD | B45: 2026年6月4日 - 2026年6月23日 | C45: ="amzn1.ads-account.g.dfa7o7cwdl371d634ew58i919" -> amzn1.ads-account.g.dfa7o7cwdl371d634ew58i919 | D45: BLOOMNEXT | G45: ="585687237024345541" -> 585687237024345541 | H45: XM1-Y10-视频流媒体电视 | I45: ="585478290940566279" -> 585478290940566279 | J45: 广告组 - 6/2/2026 17:17:52.510 | K45: B0BPX1YSQF | L45: =VLOOKUP(K45,Sheet1!A:B,2,FALSE) -> SH-BRY10-TPL-36 | M45: BRONAX Pillow Slippers for Women and Men | House Slides Shower Sandals | Cushioned Thick Sole 35-36 Light Purple | N45: B0FX2TG8CW | O45: BRONAX | P45: 5000 Comfort | Q45: 5070 Women's Slippers | R45: Shoes | S45: AMAZON.COM | AB45: AMAZON.COM | AC45: 1 | AD45: 23.99 | AE45: 1 | AF45: 1 | AG45: 23.99 | AH45: 1 | AI45: 1 | AJ45: 23.99 | AK45: 1
A46: USD | B46: 2026年6月3日 - 2026年6月23日 | C46: ="amzn1.ads-account.g.dfa7o7cwdl371d634ew58i919" -> amzn1.ads-account.g.dfa7o7cwdl371d634ew58i919 | D46: BLOOMNEXT | G46: ="585687237024345541" -> 585687237024345541 | H46: XM1-Y10-视频流媒体电视 | I46: ="585478290940566279" -> 585478290940566279 | J46: 广告组 - 6/2/2026 17:17:52.510 | K46: B0D2MS5MS1 | L46: =VLOOKUP(K46,Sheet1!A:B,2,FALSE) -> SH-BRS73-DKBU-44 | M46: BRONAX Mens Wide Toe Box Tennis Shoes Training Road Running Fitness Foot Shape Jogging Walking Size 10w Sports Gym Footwear for Male Breathable Mesh Sneakers Dark Bule 44 | N46: B0D2NDY5DD | O46: BRONAX | P46: 7000 Athletic | Q46: 7004 Mens Action Sports | R46: Shoes | S46: AMAZON.COM | AB46: AMAZON.COM | AC46: 0 | AD46: 0 | AE46: 0 | AF46: 0 | AG46: 0 | AH46: 0 | AI46: 0 | AJ46: 0 | AK46: 0
A47: USD | B47: 2026年6月22日 - 2026年6月23日 | C47: ="amzn1.ads-account.g.dfa7o7cwdl371d634ew58i919" -> amzn1.ads-account.g.dfa7o7cwdl371d634ew58i919 | D47: BLOOMNEXT | G47: ="585687237024345541" -> 585687237024345541 | H47: XM1-Y10-视频流媒体电视 | I47: ="585478290940566279" -> 585478290940566279 | J47: 广告组 - 6/2/2026 17:17:52.510 | K47: B0DGCM33J2 | L47: =VLOOKUP(K47,Sheet1!A:B,2,FALSE) -> SH-BRS71New | M47: BRONAX Men's Wide Cushioned Supportive Road Running Shoes | Wide Toe Box | Rubber Outsole | N47: -1 | O47: BRONAX | P47: 7000 Athletic | Q47: 7004 Mens Action Sports | R47: Shoes | S47: AMAZON.COM | AB47: AMAZON.COM | AC47: 0 | AD47: 0 | AE47: 0 | AF47: 0 | AG47: 0 | AH47: 0 | AI47: 0 | AJ47: 0 | AK47: 0
A48: USD | B48: 2026年6月11日 - 2026年6月21日 | C48: ="amzn1.ads-account.g.dfa7o7cwdl371d634ew58i919" -> amzn1.ads-account.g.dfa7o7cwdl371d634ew58i919 | D48: BLOOMNEXT | G48: ="585687237024345541" -> 585687237024345541 | H48: XM1-Y10-视频流媒体电视 | I48: ="585478290940566279" -> 585478290940566279 | J48: 广告组 - 6/2/2026 17:17:52.510 | K48: B0GFD4R3H4 | L48: =VLOOKUP(K48,Sheet1!A:B,2,FALSE) -> XM2-S600-ABK-38.5 | M48: BRONAX Womens Wide Toe Box Fashion Shoes Walking Tennis Sneakers Size 8w Calzado de Mujer Footwear Ladies All Black 38.5 | N48: B0H41HL3M6 | O48: BRONAX | Q48: Unknown | R48: Shoes | S48: AMAZON.COM | AB48: AMAZON.COM | AC48: 0 | AD48: 0 | AE48: 0 | AF48: 0 | AG48: 0 | AH48: 0 | AI48: 0 | AJ48: 0 | AK48: 0
A49: USD | B49: 2026年6月9日 - 2026年6月23日 | C49: ="amzn1.ads-account.g.dfa7o7cwdl371d634ew58i919" -> amzn1.ads-account.g.dfa7o7cwdl371d634ew58i919 | D49: BLOOMNEXT | G49: ="585687237024345541" -> 585687237024345541 | H49: XM1-Y10-视频流媒体电视 | I49: ="585478290940566279" -> 585478290940566279 | J49: 广告组 - 6/2/2026 17:17:52.510 | K49: B0DCV8G9RG | L49: =VLOOKUP(K49,Sheet1!A:B,2,FALSE) -> XM2-S75-BG-38 | M49: BRONAX Wide Toe Box Walking Shoes for Women Size 7w Width Female Tennis Sneakers Cross Training Road Running Workout Slip Resistant Supportive Suede Mesh Ladies Beige 38 | N49: B0DCV7KQJM | O49: BRONAX | P49: 7000 Athletic | Q49: 7036 Womens Action Sports | R49: Shoes | S49: AMAZON.COM | AB49: AMAZON.COM | AC49: 0 | AD49: 0 | AE49: 0 | AF49: 0 | AG49: 0 | AH49: 0 | AI49: 0 | AJ49: 0 | AK49: 0
A50: USD | B50: 2026年6月8日 - 2026年6月23日 | C50: ="amzn1.ads-account.g.dfa7o7cwdl371d634ew58i919" -> amzn1.ads-account.g.dfa7o7cwdl371d634ew58i919 | D50: BLOOMNEXT | G50: ="585687237024345541" -> 585687237024345541 | H50: XM1-Y10-视频流媒体电视 | I50: ="585478290940566279" -> 585478290940566279 | J50: 广告组 - 6/2/2026 17:17:52.510 | K50: B0CM95N2J1 | L50: =VLOOKUP(K50,Sheet1!A:B,2,FALSE) -> XM2-S73-BU-38 | M50: BRONAX Womens Wide Running Breathable Shoes Stylish Lightweight Mesh Size 7w Athletics Gym Outdoor Training Walking Sports Sneakers Female Fashion Casual Footwear Blue 38 | N50: B0DK7YD2KT | O50: BRONAX | P50: 1000 Women's Private Label Shoes | Q50: 1004 Women's Non Tech Athletic | R50: Shoes | S50: AMAZON.COM | AB50: AMAZON.COM | AC50: 0 | AD50: 0 | AE50: 0 | AF50: 0 | AG50: 0 | AH50: 0 | AI50: 0 | AJ50: 0 | AK50: 0
A51: USD | B51: 2026年6月9日 - 2026年6月21日 | C51: ="amzn1.ads-account.g.dfa7o7cwdl371d634ew58i919" -> amzn1.ads-account.g.dfa7o7cwdl371d634ew58i919 | D51: BLOOMNEXT | G51: ="585687237024345541" -> 585687237024345541 | H51: XM1-Y10-视频流媒体电视 | I51: ="585478290940566279" -> 585478290940566279 | J51: 广告组 - 6/2/2026 17:17:52.510 | K51: B0DCMHVDCY | L51: =VLOOKUP(K51,Sheet1!A:B,2,FALSE) -> XM2-S7K1-BKRD-29 | M51: BRONAX Boys Wide Width Shoes Size 11w Wide Toe Box Cushioned Rubber Outsole Hook and Loop Comfortable Non Slip Running Tennis Racquet Sneaker for Little Kids Black Red 29 | N51: B0DCMSZ2YJ | O51: BRONAX | P51: 6000 Kids' Shoes | Q51: 6020 Casual | R51: Shoes | S51: AMAZON.COM | AB51: AMAZON.COM | AC51: 0 | AD51: 0 | AE51: 0 | AF51: 0 | AG51: 0 | AH51: 0 | AI51: 0 | AJ51: 0 | AK51: 0
A52: USD | B52: 2026年6月4日 - 2026年6月23日 | C52: ="amzn1.ads-account.g.dfa7o7cwdl371d634ew58i919" -> amzn1.ads-account.g.dfa7o7cwdl371d634ew58i919 | D52: BLOOMNEXT | G52: ="585687237024345541" -> 585687237024345541 | H52: XM1-Y10-视频流媒体电视 | I52: ="585478290940566279" -> 585478290940566279 | J52: 广告组 - 6/2/2026 17:17:52.510 | K52: B09N143GYY | L52: =VLOOKUP(K52,Sheet1!A:B,2,FALSE) -> SH-BRY10-PL-43 | M52: BRONAX Pillow Slippers for Women and Men | House Slides Shower Sandals | Cushioned Thick Sole 42-43 Purple | N52: B0FX2TG8CW | O52: BRONAX | P52: 5800 Contemporary | Q52: 5870 Women's Slippers | R52: Shoes | S52: AMAZON.COM | AB52: AMAZON.COM | AC52: 0 | AD52: 0 | AE52: 0 | AF52: 0 | AG52: 0 | AH52: 0 | AI52: 0 | AJ52: 0 | AK52: 0
A53: USD | B53: 2026年6月9日 - 2026年6月10日 | C53: ="amzn1.ads-account.g.dfa7o7cwdl371d634ew58i919" -> amzn1.ads-account.g.dfa7o7cwdl371d634ew58i919 | D53: BLOOMNEXT | G53: ="585687237024345541" -> 585687237024345541 | H53: XM1-Y10-视频流媒体电视 | I53: ="585478290940566279" -> 585478290940566279 | J53: 广告组 - 6/2/2026 17:17:52.510 | K53: B08HSXR4WH | L53: =VLOOKUP(K53,Sheet1!A:B,2,FALSE) -> SH-BRKD5-ABK-37 | M53: BRONAX All Black Big Boys Slip on Shoes Youth Laceless Sneakers Size 4 Comfortable Lightweight School Athletic Running Tennis for Kids | N53: B0CL6ZRY16 | O53: BRONAX | P53: 5700 Juniors | Q53: 5757 Heeled Sandals | R53: Shoes | S53: AMAZON.COM | AB53: AMAZON.COM | AC53: 1 | AD53: 37.99 | AE53: 1 | AF53: 1 | AG53: 37.99 | AH53: 1 | AI53: 0 | AJ53: 0 | AK53: 0
A54: USD | B54: 2026年6月11日 - 2026年6月24日 | C54: ="amzn1.ads-account.g.dfa7o7cwdl371d634ew58i919" -> amzn1.ads-account.g.dfa7o7cwdl371d634ew58i919 | D54: BLOOMNEXT | G54: ="585687237024345541" -> 585687237024345541 | H54: XM1-Y10-视频流媒体电视 | I54: ="585478290940566279" -> 585478290940566279 | J54: 广告组 - 6/2/2026 17:17:52.510 | K54: B0FRFCC8DB | L54: =VLOOKUP(K54,Sheet1!A:B,2,FALSE) -> XM1-L200-PL-37 | M54: BRONAX Womens Wide Shoes Lightweight Mesh Ladies Athletic Sports Cushioned Everyday Walking Jogging Tennis Sneakers Size 6.5 Purple 37 | N54: B0FRQZD9PB | O54: BRONAX | P54: 5800 Contemporary | Q54: 5840 Women's Non Tech Athletic | R54: Shoes | S54: AMAZON.COM | AB54: AMAZON.COM | AC54: 0 | AD54: 0 | AE54: 0 | AF54: 0 | AG54: 0 | AH54: 0 | AI54: 0 | AJ54: 0 | AK54: 0
A55: USD | B55: 2026年6月7日 - 2026年6月20日 | C55: ="amzn1.ads-account.g.dfa7o7cwdl371d634ew58i919" -> amzn1.ads-account.g.dfa7o7cwdl371d634ew58i919 | D55: BLOOMNEXT | G55: ="585687237024345541" -> 585687237024345541 | H55: XM1-Y10-视频流媒体电视 | I55: ="585478290940566279" -> 585478290940566279 | J55: 广告组 - 6/2/2026 17:17:52.510 | K55: B0B4JWQGFD | L55: =VLOOKUP(K55,Sheet1!A:B,2,FALSE) -> XM2-S71-BKGY-42 | M55: BRONAX Womens Wide Tennis Shoes with Arch Support Road Running Mesh Size 10w Lightweight Rubber Sole Athletics Sports Walking Outdoor Pregnancy Female Sneakers Black 42 | N55: B0DK7YD2KT | O55: BRONAX | P55: 7000 Athletic | Q55: 7036 Womens Action Sports | R55: Shoes | S55: AMAZON.COM | AB55: AMAZON.COM | AC55: 0 | AD55: 0 | AE55: 0 | AF55: 0 | AG55: 0 | AH55: 0 | AI55: 0 | AJ55: 0 | AK55: 0
A56: USD | B56: 2026年6月9日 - 2026年6月23日 | C56: ="amzn1.ads-account.g.dfa7o7cwdl371d634ew58i919" -> amzn1.ads-account.g.dfa7o7cwdl371d634ew58i919 | D56: BLOOMNEXT | G56: ="585687237024345541" -> 585687237024345541 | H56: XM1-Y10-视频流媒体电视 | I56: ="585478290940566279" -> 585478290940566279 | J56: 广告组 - 6/2/2026 17:17:52.510 | K56: B09ZHJ7JK8 | L56: =VLOOKUP(K56,Sheet1!A:B,2,FALSE) -> LB1-Y15-BG-41 | M56: BRONAX Slides for Women Men Pillow Shower Slippers Bathroom Beach Bath Cushion Foam Thick Sole Adjustable Double Buckle Pool Sandals Male Size Cozislides Beige | N56: B09ZHS5Y7D | O56: BRONAX | P56: 7000 Athletic | Q56: 7015 Mens Sandals/Slides | R56: Shoes | S56: AMAZON.COM | AB56: AMAZON.COM | AC56: 0 | AD56: 0 | AE56: 0 | AF56: 0 | AG56: 0 | AH56: 0 | AI56: 0 | AJ56: 0 | AK56: 0
A57: USD | B57: 2026年6月11日 - 2026年6月16日 | C57: ="amzn1.ads-account.g.dfa7o7cwdl371d634ew58i919" -> amzn1.ads-account.g.dfa7o7cwdl371d634ew58i919 | D57: BLOOMNEXT | G57: ="585687237024345541" -> 585687237024345541 | H57: XM1-Y10-视频流媒体电视 | I57: ="585478290940566279" -> 585478290940566279 | J57: 广告组 - 6/2/2026 17:17:52.510 | K57: B0CM93M1ML | L57: =VLOOKUP(K57,Sheet1!A:B,2,FALSE) -> XM2-S73-BG-37 | M57: BRONAX WideTennis Shoes for Women Outdoor Rubber Sole Lightweight Size 6.5w Comfortable Gym Walking Casual Female Sneakers Breathable Fitness Stylish Footwear Beige 37 | N57: B0DK7YD2KT | O57: BRONAX | P57: 1000 Women's Private Label Shoes | Q57: 1012 Women's Heeled Sandals | R57: Shoes | S57: AMAZON.COM | AB57: AMAZON.COM | AC57: 0 | AD57: 0 | AE57: 0 | AF57: 0 | AG57: 0 | AH57: 0 | AI57: 0 | AJ57: 0 | AK57: 0
A58: USD | B58: 2026年6月19日 - 2026年6月23日 | C58: ="amzn1.ads-account.g.dfa7o7cwdl371d634ew58i919" -> amzn1.ads-account.g.dfa7o7cwdl371d634ew58i919 | D58: BLOOMNEXT | G58: ="585687237024345541" -> 585687237024345541 | H58: XM1-Y10-视频流媒体电视 | I58: ="585478290940566279" -> 585478290940566279 | J58: 广告组 - 6/2/2026 17:17:52.510 | K58: B0DCMHTM3X | L58: =VLOOKUP(K58,Sheet1!A:B,2,FALSE) -> XM2-S7K1-BKRD-30 | M58: BRONAX Boys Wide Width Shoes Size 12w Comfortable Cushioned Lightweight No Lace Gym Hook and Loop Running Tennis Racquet Sneaker for Little Kids Footwear Black Red 30 | N58: B0DCMSZ2YJ | O58: BRONAX | P58: 6000 Kids' Shoes | Q58: 6020 Casual | R58: Shoes | S58: AMAZON.COM | AB58: AMAZON.COM | AC58: 1 | AD58: 39.99 | AE58: 1 | AF58: 1 | AG58: 39.99 | AH58: 1 | AI58: 1 | AJ58: 39.99 | AK58: 1
A59: USD | B59: 2026年6月20日 - 2026年6月24日 | C59: ="amzn1.ads-account.g.dfa7o7cwdl371d634ew58i919" -> amzn1.ads-account.g.dfa7o7cwdl371d634ew58i919 | D59: BLOOMNEXT | G59: ="585687237024345541" -> 585687237024345541 | H59: XM1-Y10-视频流媒体电视 | I59: ="585478290940566279" -> 585478290940566279 | J59: 广告组 - 6/2/2026 17:17:52.510 | K59: B0GFCRMFDR | L59: =VLOOKUP(K59,Sheet1!A:B,2,FALSE) -> XM2-S600-GY-40.5 | M59: BRONAX Womens Wide Toe Box Walking Shoes Cushion Running Tennis Sneakers Size 9.5w Zapatos para Mujer Sports Mesh Training Grey 40.5 | N59: B0H41HL3M6 | O59: BRONAX | P59: 7700 Outdoor | Q59: 7739 Women's Action Sports/Water Sports | R59: Shoes | S59: AMAZON.COM | AB59: AMAZON.COM | AC59: 0 | AD59: 0 | AE59: 0 | AF59: 0 | AG59: 0 | AH59: 0 | AI59: 0 | AJ59: 0 | AK59: 0
A60: USD | B60: 2026年6月4日 - 2026年6月24日 | C60: ="amzn1.ads-account.g.dfa7o7cwdl371d634ew58i919" -> amzn1.ads-account.g.dfa7o7cwdl371d634ew58i919 | D60: BLOOMNEXT | G60: ="585687237024345541" -> 585687237024345541 | H60: XM1-Y10-视频流媒体电视 | I60: ="585478290940566279" -> 585478290940566279 | J60: 广告组 - 6/2/2026 17:17:52.510 | K60: B0BLRXYLLF | L60: =VLOOKUP(K60,Sheet1!A:B,2,FALSE) -> SH-BRY10-WERD-49 | M60: BRONAX Pillow Slippers for Women and Men | House Slides Shower Sandals | Cushioned Thick Sole 48-49 Red | N60: B0FX2TG8CW | O60: BRONAX | P60: 5000 Comfort | Q60: 5075 Men's Slippers | R60: Shoes | S60: AMAZON.COM | AB60: AMAZON.COM | AC60: 2 | AD60: 44.32 | AE60: 2 | AF60: 2 | AG60: 44.32 | AH60: 2 | AI60: 0 | AJ60: 0 | AK60: 0
... A63: USD | B63: 2026年6月22日 - 2026年6月23日 | C63: ="amzn1.ads-account.g.dfa7o7cwdl371d634ew58i919" -> amzn1.ads-account.g.dfa7o7cwdl371d634ew58i919 | D63: BLOOMNEXT | G63: ="585687237024345541" -> 585687237024345541 | H63: XM1-Y10-视频流媒体电视 | I63: ="585478290940566279" -> 585478290940566279 | J63: 广告组 - 6/2/2026 17:17:52.510 | K63: B0GW1GJHJY | L63: =VLOOKUP(K63,Sheet1!A:B,2,FALSE) -> XM2-Y90B-PL-W11 | M63: BRONAX Women's Arch Support Orthopedic Flip Flops Thong Sandals Size 11 Summer Plantar Fasciitis Beach Pool Flat Slides Orthotic Female Purple | N63: B0GKCKCSMJ | O63: BRONAX | P63: 5000 Comfort | Q63: 5050 Women's Sandals | R63: Shoes | S63: AMAZON.COM | AB63: AMAZON.COM | AC63: 1 | AD63: 9.99 | AE63: 1 | AF63: 1 | AG63: 9.99 | AH63: 1 | AI63: 1 | AJ63: 9.99 | AK63: 1
A64: USD | B64: 2026年6月5日 - 2026年6月5日 | C64: ="amzn1.ads-account.g.dfa7o7cwdl371d634ew58i919" -> amzn1.ads-account.g.dfa7o7cwdl371d634ew58i919 | D64: BLOOMNEXT | G64: ="585687237024345541" -> 585687237024345541 | H64: XM1-Y10-视频流媒体电视 | I64: ="585478290940566279" -> 585478290940566279 | J64: 广告组 - 6/2/2026 17:17:52.510 | K64: B0DSBZ951N | L64: =VLOOKUP(K64,Sheet1!A:B,2,FALSE) -> SH-BRY80-PK-9 | M64: BRONAX Shower Slippers Shoes for Women Soft Comfy Summer Pillow House Home Open Toe Dorm Slides Size 9 Indoor Bathroom Outdoor Beach Pool Spa EVA Sole Sandals for Ladies Female Pink | N64: -1 | O64: BRONAX | P64: 5800 Contemporary | Q64: 5870 Women's Slippers | R64: Shoes | S64: AMAZON.COM | AB64: AMAZON.COM | AC64: 0 | AD64: 0 | AE64: 0 | AF64: 0 | AG64: 0 | AH64: 0 | AI64: 0 | AJ64: 0 | AK64: 0
A65: USD | B65: 2026年6月8日 - 2026年6月22日 | C65: ="amzn1.ads-account.g.dfa7o7cwdl371d634ew58i919" -> amzn1.ads-account.g.dfa7o7cwdl371d634ew58i919 | D65: BLOOMNEXT | G65: ="585687237024345541" -> 585687237024345541 | H65: XM1-Y10-视频流媒体电视 | I65: ="585478290940566279" -> 585478290940566279 | J65: 广告组 - 6/2/2026 17:17:52.510 | K65: B0DCN4B7TJ | L65: =VLOOKUP(K65,Sheet1!A:B,2,FALSE) -> XM2-S7K1-PL-37 | M65: BRONAX Girls Wide Width Running Shoes Size 5w Wide Toe Box Tennis Sneakers Breathable Non Slip Cushioned Racquet Comfy Lightweight Fashion Little Kids Footwear Mesh Purple 37 | N65: B0DCMSZ2YJ | O65: BRONAX | P65: 5700 Juniors | Q65: 5770 Women's Slippers | R65: Shoes | S65: AMAZON.COM | AB65: AMAZON.COM | AC65: 0 | AD65: 0 | AE65: 0 | AF65: 0 | AG65: 0 | AH65: 0 | AI65: 0 | AJ65: 0 | AK65: 0
A66: USD | B66: 2026年6月7日 - 2026年6月19日 | C66: ="amzn1.ads-account.g.dfa7o7cwdl371d634ew58i919" -> amzn1.ads-account.g.dfa7o7cwdl371d634ew58i919 | D66: BLOOMNEXT | G66: ="585687237024345541" -> 585687237024345541 | H66: XM1-Y10-视频流媒体电视 | I66: ="585478290940566279" -> 585478290940566279 | J66: 广告组 - 6/2/2026 17:17:52.510 | K66: B0CW19SGKH | L66: =VLOOKUP(K66,Sheet1!A:B,2,FALSE) -> SH-BRY180-GY-43 | M66: BRONAX Arch Support Slides for Women and Mens | Cushioned Thick Sole Pain Relief Slippers 10.5-11.5 Women/9-10 Men Grey | N66: B0FX2Q73Q6 | O66: BRONAX | P66: 7700 Outdoor | Q66: 7732 Women's Lifestyle | R66: Shoes | S66: AMAZON.COM | AB66: AMAZON.COM | AC66: 0 | AD66: 0 | AE66: 0 | AF66: 0 | AG66: 0 | AH66: 0 | AI66: 0 | AJ66: 0 | AK66: 0
A67: USD | B67: 2026年6月12日 - 2026年6月12日 | C67: ="amzn1.ads-account.g.dfa7o7cwdl371d634ew58i919" -> amzn1.ads-account.g.dfa7o7cwdl371d634ew58i919 | D67: BLOOMNEXT | G67: ="585687237024345541" -> 585687237024345541 | H67: XM1-Y10-视频流媒体电视 | I67: ="585478290940566279" -> 585478290940566279 | J67: 广告组 - 6/2/2026 17:17:52.510 | K67: B0D2MRC5QQ | L67: =VLOOKUP(K67,Sheet1!A:B,2,FALSE) -> SH-BRS73-ABK-44 | M67: BRONAX Wide Toe Box Shoes for Men Lightweight Road Running Training Cushioning Athletics Sneakers Size 10w Lace up Breathable Walking Gym Sports Footwear All Black 44 | N67: B0D2NDY5DD | O67: BRONAX | P67: 7000 Athletic | Q67: 7004 Mens Action Sports | R67: Shoes | S67: AMAZON.COM | AB67: AMAZON.COM | AC67: 0 | AD67: 0 | AE67: 0 | AF67: 0 | AG67: 0 | AH67: 0 | AI67: 0 | AJ67: 0 | AK67: 0
A68: USD | B68: 2026年6月11日 - 2026年6月23日 | C68: ="amzn1.ads-account.g.dfa7o7cwdl371d634ew58i919" -> amzn1.ads-account.g.dfa7o7cwdl371d634ew58i919 | D68: BLOOMNEXT | G68: ="585687237024345541" -> 585687237024345541 | H68: XM1-Y10-视频流媒体电视 | I68: ="585478290940566279" -> 585478290940566279 | J68: 广告组 - 6/2/2026 17:17:52.510 | K68: B0BCY3XMNL | L68: =VLOOKUP(K68,Sheet1!A:B,2,FALSE) -> XM2-S71-PL-42 | M68: BRONAX Wide Toe Box Tennis Shoes for Women Lightweight Breathable Size 10w Gym Comfortable Running Walking Female Sneakers Mesh Fitness Pregnant Maternity Swollen Purple 42 | N68: B0DK7YD2KT | O68: BRONAX | P68: 5500 Fashion | Q68: 5540 Women's Non Tech Athletic | R68: Shoes | S68: AMAZON.COM | AB68: AMAZON.COM | AC68: 0 | AD68: 0 | AE68: 0 | AF68: 0 | AG68: 0 | AH68: 0 | AI68: 0 | AJ68: 0 | AK68: 0
A69: USD | B69: 2026年6月6日 - 2026年6月17日 | C69: ="amzn1.ads-account.g.dfa7o7cwdl371d634ew58i919" -> amzn1.ads-account.g.dfa7o7cwdl371d634ew58i919 | D69: BLOOMNEXT | G69: ="585687237024345541" -> 585687237024345541 | H69: XM1-Y10-视频流媒体电视 | I69: ="585478290940566279" -> 585478290940566279 | J69: 广告组 - 6/2/2026 17:17:52.510 | K69: B0B4JX91WQ | L69: =VLOOKUP(K69,Sheet1!A:B,2,FALSE) -> XM2-S71-GYPK-41 | M69: BRONAX Womens Wide Toe Tennis Shoes Mesh Lightweight Runny Rubber Outsole Size 9.5w Gym Athletics Sports Jogging Running Sneakers Maternity Pregnant for Female Grey Pink 41 | N69: B0DK7YD2KT | O69: BRONAX | P69: 5500 Fashion | Q69: 5540 Women's Non Tech Athletic | R69: Shoes | S69: AMAZON.COM | AB69: AMAZON.COM | AC69: 0 | AD69: 0 | AE69: 0 | AF69: 0 | AG69: 0 | AH69: 0 | AI69: 0 | AJ69: 0 | AK69: 0
A70: USD | B70: 2026年6月19日 - 2026年6月23日 | C70: ="amzn1.ads-account.g.dfa7o7cwdl371d634ew58i919" -> amzn1.ads-account.g.dfa7o7cwdl371d634ew58i919 | D70: BLOOMNEXT | G70: ="585687237024345541" -> 585687237024345541 | H70: XM1-Y10-视频流媒体电视 | I70: ="585478290940566279" -> 585478290940566279 | J70: 广告组 - 6/2/2026 17:17:52.510 | K70: B0D2MPXQLS | L70: =VLOOKUP(K70,Sheet1!A:B,2,FALSE) -> SH-BRS73-DKBU-46 | M70: BRONAX Wide Toe Box Running Shoes Breathable Mesh Training Walking Size 12w Athletics Sports Wide Width Male Sneakers Comfy Natural Foot Shape Jogging Zapatos De Hombre Dark Bule 46 | N70: B0D2NDY5DD | O70: BRONAX | P70: 7000 Athletic | Q70: 7004 Mens Action Sports | R70: Shoes | S70: AMAZON.COM | AB70: AMAZON.COM | AC70: 0 | AD70: 0 | AE70: 0 | AF70: 0 | AG70: 0 | AH70: 0 | AI70: 0 | AJ70: 0 | AK70: 0
A71: USD | B71: 2026年6月3日 - 2026年6月24日 | C71: ="amzn1.ads-account.g.dfa7o7cwdl371d634ew58i919" -> amzn1.ads-account.g.dfa7o7cwdl371d634ew58i919 | D71: BLOOMNEXT | G71: ="585687237024345541" -> 585687237024345541 | H71: XM1-Y10-视频流媒体电视 | I71: ="585478290940566279" -> 585478290940566279 | J71: 广告组 - 6/2/2026 17:17:52.510 | K71: B0957MKRDN | L71: =VLOOKUP(K71,Sheet1!A:B,2,FALSE) -> SH-BRY10-BN-41 | M71: BRONAX Pillow Slippers for Women and Men | House Slides Shower Sandals | Cushioned Thick Sole 40-41 Brown | N71: B0FX2TG8CW | O71: BRONAX | P71: 6000 Kids' Shoes | Q71: 6020 Casual | R71: Shoes | S71: AMAZON.COM | AB71: AMAZON.COM | AC71: 7 | AD71: 179.98 | AE71: 8 | AF71: 7 | AG71: 179.98 | AH71: 8 | AI71: 3 | AJ71: 71.97 | AK71: 3
A72: USD | B72: 2026年6月8日 - 2026年6月24日 | C72: ="amzn1.ads-account.g.dfa7o7cwdl371d634ew58i919" -> amzn1.ads-account.g.dfa7o7cwdl371d634ew58i919 | D72: BLOOMNEXT | G72: ="585687237024345541" -> 585687237024345541 | H72: XM1-Y10-视频流媒体电视 | I72: ="585478290940566279" -> 585478290940566279 | J72: 广告组 - 6/2/2026 17:17:52.510 | K72: B0BHHNPZB1 | L72: =VLOOKUP(K72,Sheet1!A:B,2,FALSE) -> XM2-S71-BUPK-39 | M72: BRONAX Wide Toe Box Shoes Women Comfortable Stylish Size 8w Athletic Gym Outdoor Sports Sneakers Female Training Walking Lightweight Maternity Pregnancy Casual Dark Blue 39 | N72: B0DK7YD2KT | O72: BRONAX | P72: 5500 Fashion | Q72: 5540 Women's Non Tech Athletic | R72: Shoes | S72: AMAZON.COM | AB72: AMAZON.COM | AC72: 1 | AD72: 49.99 | AE72: 1 | AF72: 1 | AG72: 49.99 | AH72: 1 | AI72: 0 | AJ72: 0 | AK72: 0
A73: USD | B73: 2026年6月6日 - 2026年6月23日 | C73: ="amzn1.ads-account.g.dfa7o7cwdl371d634ew58i919" -> amzn1.ads-account.g.dfa7o7cwdl371d634ew58i919 | D73: BLOOMNEXT | G73: ="585687237024345541" -> 585687237024345541 | H73: XM1-Y10-视频流媒体电视 | I73: ="585478290940566279" -> 585478290940566279 | J73: 广告组 - 6/2/2026 17:17:52.510 | K73: B08K2XV15X | L73: =VLOOKUP(K73,Sheet1!A:B,2,FALSE) -> XM2-KD7-BKBU-36 | M73: BRONAX Blue Boys Slip on Shoes Youth Laceless Sneakers Size 3 Comfortable Lightweight School Shoes Athletic Running Tennis for Big Kids 36 | N73: B0CFF747QG | O73: BRONAX | P73: 5700 Juniors | Q73: 5775 Men's Slippers | R73: Shoes | S73: AMAZON.COM | AB73: AMAZON.COM | AC73: 0 | AD73: 0 | AE73: 0 | AF73: 0 | AG73: 0 | AH73: 0 | AI73: 0 | AJ73: 0 | AK73: 0
A74: USD | B74: 2026年6月3日 - 2026年6月24日 | C74: ="amzn1.ads-account.g.dfa7o7cwdl371d634ew58i919" -> amzn1.ads-account.g.dfa7o7cwdl371d634ew58i919 | D74: BLOOMNEXT | G74: ="585687237024345541" -> 585687237024345541 | H74: XM1-Y10-视频流媒体电视 | I74: ="585478290940566279" -> 585478290940566279 | J74: 广告组 - 6/2/2026 17:17:52.510 | K74: B09F38XX69 | L74: =VLOOKUP(K74,Sheet1!A:B,2,FALSE) -> SH-BRY10-BK-47 | M74: BRONAX Pillow Slippers for Women and Men | House Slides Shower Sandals | Cushioned Thick Sole 46-47 Black | N74: B0FX2TG8CW | O74: BRONAX | P74: 5800 Contemporary | Q74: 5875 Men's Slippers | R74: Shoes | S74: AMAZON.COM | AB74: AMAZON.COM | AC74: 41 | AD74: 929.13 | AE74: 41 | AF74: 41 | AG74: 929.13 | AH74: 41 | AI74: 25 | AJ74: 560.87 | AK74: 25
A75: USD | B75: 2026年6月3日 - 2026年6月23日 | C75: ="amzn1.ads-account.g.dfa7o7cwdl371d634ew58i919" -> amzn1.ads-account.g.dfa7o7cwdl371d634ew58i919 | D75: BLOOMNEXT | G75: ="585687237024345541" -> 585687237024345541 | H75: XM1-Y10-视频流媒体电视 | I75: ="585478290940566279" -> 585478290940566279 | J75: 广告组 - 6/2/2026 17:17:52.510 | K75: B09ZHJ3PC1 | L75: =VLOOKUP(K75,Sheet1!A:B,2,FALSE) -> LB1-Y15-BG-40 | M75: BRONAX Slides for Women Men Pillow Shower Slippers Bathroom Beach Bath Cushion Foam Thick Sole Adjustable Double Buckle Pool Sandals Size Cozislides Beige | N75: B09ZHS5Y7D | O75: BRONAX | P75: 5000 Comfort | Q75: 5050 Women's Sandals | R75: Shoes | S75: AMAZON.COM | AB75: AMAZON.COM | AC75: 1 | AD75: 9.99 | AE75: 1 | AF75: 1 | AG75: 9.99 | AH75: 1 | AI75: 0 | AJ75: 0 | AK75: 0
A76: USD | B76: 2026年6月6日 - 2026年6月7日 | C76: ="amzn1.ads-account.g.dfa7o7cwdl371d634ew58i919" -> amzn1.ads-account.g.dfa7o7cwdl371d634ew58i919 | D76: BLOOMNEXT | G76: ="585687237024345541" -> 585687237024345541 | H76: XM1-Y10-视频流媒体电视 | I76: ="585478290940566279" -> 585478290940566279 | J76: 广告组 - 6/2/2026 17:17:52.510 | K76: B0CGDCFWM9 | L76: =VLOOKUP(K76,Sheet1!A:B,2,FALSE) -> XM2-S73-RERD-38 | M76: BRONAX Wide Toe Road Running Shoes Womens Outdoor Tennis Gym Lace up Stylish Athletics Sports Size 7w Walking Sneakers Female Zapatos Deportivos para Mujer Hot Pink 38 | N76: B0DK7YD2KT | O76: BRONAX | P76: 1000 Women's Private Label Shoes | Q76: 1004 Women's Non Tech Athletic | R76: Shoes | S76: AMAZON.COM | AB76: AMAZON.COM | AC76: 0 | AD76: 0 | AE76: 0 | AF76: 0 | AG76: 0 | AH76: 0 | AI76: 0 | AJ76: 0 | AK76: 0
... A85: USD | B85: 2026年6月8日 - 2026年6月16日 | C85: ="amzn1.ads-account.g.dfa7o7cwdl371d634ew58i919" -> amzn1.ads-account.g.dfa7o7cwdl371d634ew58i919 | D85: BLOOMNEXT | G85: ="585687237024345541" -> 585687237024345541 | H85: XM1-Y10-视频流媒体电视 | I85: ="585478290940566279" -> 585478290940566279 | J85: 广告组 - 6/2/2026 17:17:52.510 | K85: B0BHHKV7Q8 | L85: =VLOOKUP(K85,Sheet1!A:B,2,FALSE) -> XM2-S71-PK-39 | M85: BRONAX Wide Road Running Shoes for Women Breathable Fitness Cross Training Size 8w Stylish Gym Female Tennis Sneakers Walking Athletics Pregnant Pregnancy Sports Ladies Pink 39 | N85: B0DK7YD2KT | O85: BRONAX | P85: 7000 Athletic | Q85: 7036 Womens Action Sports | R85: Shoes | S85: AMAZON.COM | AB85: AMAZON.COM | AC85: 0 | AD85: 0 | AE85: 0 | AF85: 0 | AG85: 0 | AH85: 0 | AI85: 0 | AJ85: 0 | AK85: 0
A86: USD | B86: 2026年6月6日 - 2026年6月23日 | C86: ="amzn1.ads-account.g.dfa7o7cwdl371d634ew58i919" -> amzn1.ads-account.g.dfa7o7cwdl371d634ew58i919 | D86: BLOOMNEXT | G86: ="585687237024345541" -> 585687237024345541 | H86: XM1-Y10-视频流媒体电视 | I86: ="585478290940566279" -> 585478290940566279 | J86: 广告组 - 6/2/2026 17:17:52.510 | K86: B0GKCPT36X | L86: =VLOOKUP(K86,Sheet1!A:B,2,FALSE) -> XM2-Y90B-TP-W6 | M86: BRONAX Women's Arch Support Flip Flops Flip-flops Thong Sandals Size 6 Summer Plantar Fasciitis Beach Pool Orthotic Lightweight Female Taupe | N86: B0GKCKCSMJ | O86: BRONAX | Q86: Unknown | R86: Shoes | S86: AMAZON.COM | AB86: AMAZON.COM | AC86: 0 | AD86: 0 | AE86: 0 | AF86: 0 | AG86: 0 | AH86: 0 | AI86: 0 | AJ86: 0 | AK86: 0
A87: USD | B87: 2026年6月3日 - 2026年6月23日 | C87: ="amzn1.ads-account.g.dfa7o7cwdl371d634ew58i919" -> amzn1.ads-account.g.dfa7o7cwdl371d634ew58i919 | D87: BLOOMNEXT | G87: ="585687237024345541" -> 585687237024345541 | H87: XM1-Y10-视频流媒体电视 | I87: ="585478290940566279" -> 585478290940566279 | J87: 广告组 - 6/2/2026 17:17:52.510 | K87: B09N13RC8Q | L87: =VLOOKUP(K87,Sheet1!A:B,2,FALSE) -> SH-BRY10-RERD-43 | M87: BRONAX Pillow Slippers for Women and Men | House Slides Shower Sandals | Cushioned Thick Sole 42-43 Rose Red | N87: B0FX2TG8CW | O87: BRONAX | P87: 5800 Contemporary | Q87: 5870 Women's Slippers | R87: Shoes | S87: AMAZON.COM | AB87: AMAZON.COM | AC87: 0 | AD87: 0 | AE87: 0 | AF87: 0 | AG87: 0 | AH87: 0 | AI87: 0 | AJ87: 0 | AK87: 0
A88: USD | B88: 2026年6月11日 - 2026年6月20日 | C88: ="amzn1.ads-account.g.dfa7o7cwdl371d634ew58i919" -> amzn1.ads-account.g.dfa7o7cwdl371d634ew58i919 | D88: BLOOMNEXT | G88: ="585687237024345541" -> 585687237024345541 | H88: XM1-Y10-视频流媒体电视 | I88: ="585478290940566279" -> 585478290940566279 | J88: 广告组 - 6/2/2026 17:17:52.510 | K88: B0FRD3CVKF | L88: =VLOOKUP(K88,Sheet1!A:B,2,FALSE) -> XM1-L200-OG-36 | M88: BRONAX Wide Toe Box Road Running Shoes for Women Athletic Lace up Tennis Outdoor Workout Training Jogging Female Sneakers Everyday Size 6 Orange 36 | N88: B0FRQZD9PB | O88: BRONAX | P88: 7000 Athletic | Q88: 7021 Womens Running | R88: Shoes | S88: AMAZON.COM | AB88: AMAZON.COM | AC88: 0 | AD88: 0 | AE88: 0 | AF88: 0 | AG88: 0 | AH88: 0 | AI88: 0 | AJ88: 0 | AK88: 0
A89: USD | B89: 2026年6月8日 - 2026年6月12日 | C89: ="amzn1.ads-account.g.dfa7o7cwdl371d634ew58i919" -> amzn1.ads-account.g.dfa7o7cwdl371d634ew58i919 | D89: BLOOMNEXT | G89: ="585687237024345541" -> 585687237024345541 | H89: XM1-Y10-视频流媒体电视 | I89: ="585478290940566279" -> 585478290940566279 | J89: 广告组 - 6/2/2026 17:17:52.510 | K89: B0GKCKQ172 | L89: =VLOOKUP(K89,Sheet1!A:B,2,FALSE) -> XM2-Y90B-LTGY-W7 | M89: BRONAX Women's Flip Flops with Arch Support Thong Sandals Size 7 Rubber Summer Beach Pool Flat Beach Slides Orthotic Lightweight Female Grey | N89: B0GKCKCSMJ | O89: BRONAX | P89: 5000 Comfort | Q89: 5050 Women's Sandals | R89: Shoes | S89: AMAZON.COM | AB89: AMAZON.COM | AC89: 0 | AD89: 0 | AE89: 0 | AF89: 0 | AG89: 0 | AH89: 0 | AI89: 0 | AJ89: 0 | AK89: 0
A90: USD | B90: 2026年6月3日 - 2026年6月24日 | C90: ="amzn1.ads-account.g.dfa7o7cwdl371d634ew58i919" -> amzn1.ads-account.g.dfa7o7cwdl371d634ew58i919 | D90: BLOOMNEXT | G90: ="585687237024345541" -> 585687237024345541 | H90: XM1-Y10-视频流媒体电视 | I90: ="585478290940566279" -> 585478290940566279 | J90: 广告组 - 6/2/2026 17:17:52.510 | K90: B0BPX5D47J | L90: =VLOOKUP(K90,Sheet1!A:B,2,FALSE) -> SH-BRY10-KQ-41 | M90: BRONAX Pillow Slippers for Women and Men | House Slides Shower Sandals | Cushioned Thick Sole 40-41 Khaki | N90: B0FX2TG8CW | O90: BRONAX | P90: 7000 Athletic | Q90: 7025 Womens Sandals/Slides | R90: Shoes | S90: AMAZON.COM | AB90: AMAZON.COM | AC90: 8 | AD90: 174.3 | AE90: 8 | AF90: 8 | AG90: 174.3 | AH90: 8 | AI90: 6 | AJ90: 126.32 | AK90: 6
A91: USD | B91: 2026年6月6日 - 2026年6月13日 | C91: ="amzn1.ads-account.g.dfa7o7cwdl371d634ew58i919" -> amzn1.ads-account.g.dfa7o7cwdl371d634ew58i919 | D91: BLOOMNEXT | G91: ="585687237024345541" -> 585687237024345541 | H91: XM1-Y10-视频流媒体电视 | I91: ="585478290940566279" -> 585478290940566279 | J91: 广告组 - 6/2/2026 17:17:52.510 | K91: B0BKKJ1KX5 | L91: =VLOOKUP(K91,Sheet1!A:B,2,FALSE) -> XM2-KD7-BKRD-37 | M91: BRONAX Shoes Comfty Slip on Youth No Tie Size 4 Zapatos de Niños Comfortable Lightweight School Shoes Athletic Running Tennis for Children BlackRed 37 | N91: B0CFF747QG | O91: BRONAX | P91: 6000 Kids' Shoes | Q91: 6035 Team Sports | R91: Shoes | S91: AMAZON.COM | AB91: AMAZON.COM | AC91: 0 | AD91: 0 | AE91: 0 | AF91: 0 | AG91: 0 | AH91: 0 | AI91: 0 | AJ91: 0 | AK91: 0
A92: USD | B92: 2026年6月10日 - 2026年6月24日 | C92: ="amzn1.ads-account.g.dfa7o7cwdl371d634ew58i919" -> amzn1.ads-account.g.dfa7o7cwdl371d634ew58i919 | D92: BLOOMNEXT | G92: ="585687237024345541" -> 585687237024345541 | H92: XM1-Y10-视频流媒体电视 | I92: ="585478290940566279" -> 585478290940566279 | J92: 广告组 - 6/2/2026 17:17:52.510 | K92: B0CGD9ZFNX | L92: =VLOOKUP(K92,Sheet1!A:B,2,FALSE) -> XM2-S73-ABK-38 | M92: BRONAX Wide Shoes for Women Tennis Running Lightweight Size 7w Female Training Athletics Comfortable Lace up Pregnant Maternity Wide Toe Box Sneakers for Ladies All Black 38 | N92: B0DK7YD2KT | O92: BRONAX | P92: 1000 Women's Private Label Shoes | Q92: 1004 Women's Non Tech Athletic | R92: Shoes | S92: AMAZON.COM | AB92: AMAZON.COM | AC92: 0 | AD92: 0 | AE92: 0 | AF92: 0 | AG92: 0 | AH92: 0 | AI92: 0 | AJ92: 0 | AK92: 0
A93: USD | B93: 2026年6月3日 - 2026年6月24日 | C93: ="amzn1.ads-account.g.dfa7o7cwdl371d634ew58i919" -> amzn1.ads-account.g.dfa7o7cwdl371d634ew58i919 | D93: BLOOMNEXT | G93: ="585687237024345541" -> 585687237024345541 | H93: XM1-Y10-视频流媒体电视 | I93: ="585478290940566279" -> 585478290940566279 | J93: 广告组 - 6/2/2026 17:17:52.510 | K93: B096M88FMN | L93: =VLOOKUP(K93,Sheet1!A:B,2,FALSE) -> SH-BRY10-BK-41N | M93: BRONAX Pillow Slippers for Women and Men | House Slides Shower Sandals | Cushioned Thick Sole 40-41 Black | N93: B0FX2TG8CW | O93: BRONAX | P93: 5800 Contemporary | Q93: 5870 Women's Slippers | R93: Shoes | S93: AMAZON.COM | AB93: AMAZON.COM | AC93: 55 | AD93: 1194.73 | AE93: 55 | AF93: 55 | AG93: 1194.73 | AH93: 55 | AI93: 33 | AJ93: 746.53 | AK93: 33
A94: USD | B94: 2026年6月3日 - 2026年6月24日 | C94: ="amzn1.ads-account.g.dfa7o7cwdl371d634ew58i919" -> amzn1.ads-account.g.dfa7o7cwdl371d634ew58i919 | D94: BLOOMNEXT | G94: ="585687237024345541" -> 585687237024345541 | H94: XM1-Y10-视频流媒体电视 | I94: ="585478290940566279" -> 585478290940566279 | J94: 广告组 - 6/2/2026 17:17:52.510 | K94: B0957L7QKR | L94: =VLOOKUP(K94,Sheet1!A:B,2,FALSE) -> SH-BRY10-BN-36 | M94: BRONAX Pillow Slippers for Women and Men | House Slides Shower Sandals | Cushioned Thick Sole 35-36 Brown | N94: B0FX2TG8CW | O94: BRONAX | P94: 6000 Kids' Shoes | Q94: 6015 Dress | R94: Shoes | S94: AMAZON.COM | AB94: AMAZON.COM | AC94: 2 | AD94: 40.7 | AE94: 2 | AF94: 2 | AG94: 40.7 | AH94: 2 | AI94: 2 | AJ94: 40.7 | AK94: 2
A95: USD | B95: 2026年6月4日 - 2026年6月23日 | C95: ="amzn1.ads-account.g.dfa7o7cwdl371d634ew58i919" -> amzn1.ads-account.g.dfa7o7cwdl371d634ew58i919 | D95: BLOOMNEXT | G95: ="585687237024345541" -> 585687237024345541 | H95: XM1-Y10-视频流媒体电视 | I95: ="585478290940566279" -> 585478290940566279 | J95: 广告组 - 6/2/2026 17:17:52.510 | K95: B0DSBY2Y81 | L95: =VLOOKUP(K95,Sheet1!A:B,2,FALSE) -> SH-BRY80-BK-11 | M95: BRONAX Shower Shoes Slippers for Women Men Soft Comfy Pillow Cushion House Home Open Toe Orthopedic Slides Size 11 Indoor Bath Bathroom Outdoor Beach Pool EVA Sole Sandals Black | N95: B0DSBZM8M6 | O95: BRONAX | P95: 6000 Kids' Shoes | Q95: 6070 Slippers | R95: Shoes | S95: AMAZON.COM | AB95: AMAZON.COM | AC95: 1 | AD95: 9.99 | AE95: 1 | AF95: 1 | AG95: 9.99 | AH95: 1 | AI95: 1 | AJ95: 9.99 | AK95: 1
A96: USD | B96: 2026年6月6日 - 2026年6月19日 | C96: ="amzn1.ads-account.g.dfa7o7cwdl371d634ew58i919" -> amzn1.ads-account.g.dfa7o7cwdl371d634ew58i919 | D96: BLOOMNEXT | G96: ="585687237024345541" -> 585687237024345541 | H96: XM1-Y10-视频流媒体电视 | I96: ="585478290940566279" -> 585478290940566279 | J96: 广告组 - 6/2/2026 17:17:52.510 | K96: B0DCV8KKWS | L96: =VLOOKUP(K96,Sheet1!A:B,2,FALSE) -> XM2-S75-PL-41 | M96: BRONAX Womens Wide Width Tennis Shoes Wide Toe Box Road Running Sneakers Female Size 9.5w Stylish Suede Mesh Athletics Gym Sports Fashion Ladies Footwear Purple 41 | N96: B0DCV7KQJM | O96: BRONAX | P96: 1000 Women's Private Label Shoes | Q96: 1004 Women's Non Tech Athletic | R96: Shoes | S96: AMAZON.COM | AB96: AMAZON.COM | AC96: 0 | AD96: 0 | AE96: 0 | AF96: 0 | AG96: 0 | AH96: 0 | AI96: 0 | AJ96: 0 | AK96: 0
A97: USD | B97: 2026年6月3日 - 2026年6月23日 | C97: ="amzn1.ads-account.g.dfa7o7cwdl371d634ew58i919" -> amzn1.ads-account.g.dfa7o7cwdl371d634ew58i919 | D97: BLOOMNEXT | G97: ="585687237024345541" -> 585687237024345541 | H97: XM1-Y10-视频流媒体电视 | I97: ="585478290940566279" -> 585478290940566279 | J97: 广告组 - 6/2/2026 17:17:52.510 | K97: B0DPKW63JZ | L97: =VLOOKUP(K97,Sheet1!A:B,2,FALSE) -> SH-BRY180-BN-43S | M97: BRONAX Arch Support Slides for Women and Mens | Cushioned Thick Sole Pain Relief Slippers 10.5-11.5 Women/9-10 Men Brown | N97: B0FX2Q73Q6 | O97: BRONAX | Q97: Unknown | R97: Shoes | S97: AMAZON.COM | AB97: AMAZON.COM | AC97: 2 | AD97: 46.77 | AE97: 2 | AF97: 2 | AG97: 46.77 | AH97: 2 | AI97: 1 | AJ97: 23.99 | AK97: 1
A98: USD | B98: 2026年6月10日 - 2026年6月11日 | C98: ="amzn1.ads-account.g.dfa7o7cwdl371d634ew58i919" -> amzn1.ads-account.g.dfa7o7cwdl371d634ew58i919 | D98: BLOOMNEXT | G98: ="585687237024345541" -> 585687237024345541 | H98: XM1-Y10-视频流媒体电视 | I98: ="585478290940566279" -> 585478290940566279 | J98: 广告组 - 6/2/2026 17:17:52.510 | K98: B0DSC1W4MR | L98: =VLOOKUP(K98,Sheet1!A:B,2,FALSE) -> SH-BRY80-BK-7 | M98: BRONAX Womens Shower Slippers for Men Soft Comfy Cushion Adults House Home Open Toe Slides Size 7 Waterproof Indoor Bath Bathroom Outdoor Beach Pool EVA Sole Sandals Black | N98: B0DSBZM8M6 | O98: BRONAX | P98: 5800 Contemporary | Q98: 5870 Women's Slippers | R98: Shoes | S98: AMAZON.COM | AB98: AMAZON.COM | AC98: 0 | AD98: 0 | AE98: 0 | AF98: 0 | AG98: 0 | AH98: 0 | AI98: 0 | AJ98: 0 | AK98: 0
A99: USD | B99: 2026年6月4日 - 2026年6月24日 | C99: ="amzn1.ads-account.g.dfa7o7cwdl371d634ew58i919" -> amzn1.ads-account.g.dfa7o7cwdl371d634ew58i919 | D99: BLOOMNEXT | G99: ="585687237024345541" -> 585687237024345541 | H99: XM1-Y10-视频流媒体电视 | I99: ="585478290940566279" -> 585478290940566279 | J99: 广告组 - 6/2/2026 17:17:52.510 | K99: B09TPK7MPK | L99: =VLOOKUP(K99,Sheet1!A:B,2,FALSE) -> SH-BRY10-WERD-36 | M99: BRONAX Pillow Slippers for Women and Men | House Slides Shower Sandals | Cushioned Thick Sole 35-36 Red | N99: B0FX2TG8CW | O99: BRONAX | P99: 5000 Comfort | Q99: 5050 Women's Sandals | R99: Shoes | S99: AMAZON.COM | AB99: AMAZON.COM | AC99: 0 | AD99: 0 | AE99: 0 | AF99: 0 | AG99: 0 | AH99: 0 | AI99: 0 | AJ99: 0 | AK99: 0
A100: USD | B100: 2026年6月3日 - 2026年6月24日 | C100: ="amzn1.ads-account.g.dfa7o7cwdl371d634ew58i919" -> amzn1.ads-account.g.dfa7o7cwdl371d634ew58i919 | D100: BLOOMNEXT | G100: ="585687237024345541" -> 585687237024345541 | H100: XM1-Y10-视频流媒体电视 | I100: ="585478290940566279" -> 585478290940566279 | J100: 广告组 - 6/2/2026 17:17:52.510 | K100: B09TPHKZ3F | L100: =VLOOKUP(K100,Sheet1!A:B,2,FALSE) -> SH-BRY10-CL-40 | M100: BRONAX Pillow Slippers for Women and Men | House Slides Shower Sandals | Cushioned Thick Sole 39-40 Chocolate | N100: B0FX2TG8CW | O100: BRONAX | P100: 5000 Comfort | Q100: 5070 Women's Slippers | R100: Shoes | S100: AMAZON.COM | AB100: AMAZON.COM | AC100: 6 | AD100: 134.62 | AE100: 6 | AF100: 6 | AG100: 134.62 | AH100: 6 | AI100: 4 | AJ100: 86.64 | AK100: 4
A101: USD | B101: 2026年6月4日 - 2026年6月24日 | C101: ="amzn1.ads-account.g.dfa7o7cwdl371d634ew58i919" -> amzn1.ads-account.g.dfa7o7cwdl371d634ew58i919 | D101: BLOOMNEXT | G101: ="585687237024345541" -> 585687237024345541 | H101: XM1-Y10-视频流媒体电视 | I101: ="585478290940566279" -> 585478290940566279 | J101: 广告组 - 6/2/2026 17:17:52.510 | K101: B0CN99GYV4 | L101: =VLOOKUP(K101,Sheet1!A:B,2,FALSE) -> SH-BRY180-BL-36 | M101: BRONAX Arch Support Slides for Women and Mens | Cushioned Thick Sole Pain Relief Slippers 4-5.5 Women/3-4 Men Blush | N101: B0FX2Q73Q6 | O101: BRONAX | P101: 5000 Comfort | Q101: 5070 Women's Slippers | R101: Shoes | S101: AMAZON.COM | AB101: AMAZON.COM | AC101: 0 | AD101: 0 | AE101: 0 | AF101: 0 | AG101: 0 | AH101: 0 | AI101: 0 | AJ101: 0 | AK101: 0
A102: USD | B102: 2026年6月4日 - 2026年6月23日 | C102: ="amzn1.ads-account.g.dfa7o7cwdl371d634ew58i919" -> amzn1.ads-account.g.dfa7o7cwdl371d634ew58i919 | D102: BLOOMNEXT | G102: ="585687237024345541" -> 585687237024345541 | H102: XM1-Y10-视频流媒体电视 | I102: ="585478290940566279" -> 585478290940566279 | J102: 广告组 - 6/2/2026 17:17:52.510 | K102: B0DSBZPF66 | L102: =VLOOKUP(K102,Sheet1!A:B,2,FALSE) -> SH-BRY80-BN-10 | M102: BRONAX Shower Slippers for Women Men Soft Comfy Pillow Waterproof Breathable Plastic House Home Open Toe Slides Size 10 Tan Indoor Bathroom Outdoor Beach Pool EVA Sole Sandals Brown | N102: B0DSBZM8M6 | O102: BRONAX | P102: 6000 Kids' Shoes | Q102: 6070 Slippers | R102: Shoes | S102: AMAZON.COM | AB102: AMAZON.COM | AC102: 0 | AD102: 0 | AE102: 0 | AF102: 0 | AG102: 0 | AH102: 0 | AI102: 0 | AJ102: 0 | AK102: 0
A103: USD | B103: 2026年6月9日 - 2026年6月21日 | C103: ="amzn1.ads-account.g.dfa7o7cwdl371d634ew58i919" -> amzn1.ads-account.g.dfa7o7cwdl371d634ew58i919 | D103: BLOOMNEXT | G103: ="585687237024345541" -> 585687237024345541 | H103: XM1-Y10-视频流媒体电视 | I103: ="585478290940566279" -> 585478290940566279 | J103: 广告组 - 6/2/2026 17:17:52.510 | K103: B0GKCTDWZX | L103: =VLOOKUP(K103,Sheet1!A:B,2,FALSE) -> XM2-Y90B-DKBU-W10 | M103: BRONAX Arch Support Flip Flops Thong Sandals for Women Size 10 Summer Plantar Fasciitis Beach Pool Flat Slippers Slides Lightweight Navy Blue | N103: B0GKCKCSMJ | O103: BRONAX | Q103: Unknown | R103: Shoes | S103: AMAZON.COM | AB103: AMAZON.COM | AC103: 0 | AD103: 0 | AE103: 0 | AF103: 0 | AG103: 0 | AH103: 0 | AI103: 0 | AJ103: 0 | AK103: 0
A104: USD | B104: 2026年6月14日 - 2026年6月19日 | C104: ="amzn1.ads-account.g.dfa7o7cwdl371d634ew58i919" -> amzn1.ads-account.g.dfa7o7cwdl371d634ew58i919 | D104: BLOOMNEXT | G104: ="585687237024345541" -> 585687237024345541 | H104: XM1-Y10-视频流媒体电视 | I104: ="585478290940566279" -> 585478290940566279 | J104: 广告组 - 6/2/2026 17:17:52.510 | K104: B0DCV98LCN | L104: =VLOOKUP(K104,Sheet1!A:B,2,FALSE) -> XM2-S75-PL-37 | M104: BRONAX Womens Wide Width Tennis Shoes Wide Toe Box Road Running Sneakers Female Size 6.5w Rubber Sole Outdoor Athletics Sports Gym Footwear Casual Jogging Purple 37 | N104: B0DCV7KQJM | O104: BRONAX | P104: 7000 Athletic | Q104: 7036 Womens Action Sports | R104: Shoes | S104: AMAZON.COM | AB104: AMAZON.COM | AC104: 0 | AD104: 0 | AE104: 0 | AF104: 0 | AG104: 0 | AH104: 0 | AI104: 0 | AJ104: 0 | AK104: 0
A105: USD | B105: 2026年6月6日 - 2026年6月23日 | C105: ="amzn1.ads-account.g.dfa7o7cwdl371d634ew58i919" -> amzn1.ads-account.g.dfa7o7cwdl371d634ew58i919 | D105: BLOOMNEXT | G105: ="585687237024345541" -> 585687237024345541 | H105: XM1-Y10-视频流媒体电视 | I105: ="585478290940566279" -> 585478290940566279 | J105: 广告组 - 6/2/2026 17:17:52.510 | K105: B0CW1MWKPL | L105: =VLOOKUP(K105,Sheet1!A:B,2,FALSE) -> SH-BRY180-CL-40 | M105: BRONAX Arch Support Slides for Women and Mens | Cushioned Thick Sole Pain Relief Slippers 7.5-8.5 Women/6-7 Men Chocolate | N105: B0FX2Q73Q6 | O105: BRONAX | P105: 5000 Comfort | Q105: 5050 Women's Sandals | R105: Shoes | S105: AMAZON.COM | AB105: AMAZON.COM | AC105: 2 | AD105: 47.98 | AE105: 2 | AF105: 2 | AG105: 47.98 | AH105: 2 | AI105: 1 | AJ105: 23.99 | AK105: 1
A106: USD | B106: 2026年6月11日 - 2026年6月16日 | C106: ="amzn1.ads-account.g.dfa7o7cwdl371d634ew58i919" -> amzn1.ads-account.g.dfa7o7cwdl371d634ew58i919 | D106: BLOOMNEXT | G106: ="585687237024345541" -> 585687237024345541 | H106: XM1-Y10-视频流媒体电视 | I106: ="585478290940566279" -> 585478290940566279 | J106: 广告组 - 6/2/2026 17:17:52.510 | K106: B0CM965Q6R | L106: =VLOOKUP(K106,Sheet1!A:B,2,FALSE) -> XM2-S73-BU-37 | M106: BRONAX Wide Road Running Shoes for Women Outdoor Size 6.5w Walking Jogging Runny Comfy Fashion Rubber Casual Rubber Sole Female Sneakers Lightweight Ladies Footwear Blue 37 | N106: B0DK7YD2KT | O106: BRONAX | P106: 7000 Athletic | Q106: 7036 Womens Action Sports | R106: Shoes | S106: AMAZON.COM | AB106: AMAZON.COM | AC106: 0 | AD106: 0 | AE106: 0 | AF106: 0 | AG106: 0 | AH106: 0 | AI106: 0 | AJ106: 0 | AK106: 0
A107: USD | B107: 2026年6月7日 - 2026年6月23日 | C107: ="amzn1.ads-account.g.dfa7o7cwdl371d634ew58i919" -> amzn1.ads-account.g.dfa7o7cwdl371d634ew58i919 | D107: BLOOMNEXT | G107: ="585687237024345541" -> 585687237024345541 | H107: XM1-Y10-视频流媒体电视 | I107: ="585478290940566279" -> 585478290940566279 | J107: 广告组 - 6/2/2026 17:17:52.510 | K107: B0GKD3PQYR | L107: =VLOOKUP(K107,Sheet1!A:B,2,FALSE) -> XM2-Y90B-BK-W6 | M107: BRONAX Arch Support Flip Flops Thong Sandals for Women Size 6 Orthopedic Summer Plantar Fasciitis Relief Beach Pool Flat Slides Orthotic Female Black | N107: B0GKCKCSMJ | O107: BRONAX | P107: 5000 Comfort | Q107: 5050 Women's Sandals | R107: Shoes | S107: AMAZON.COM | AB107: AMAZON.COM | AC107: 0 | AD107: 0 | AE107: 0 | AF107: 0 | AG107: 0 | AH107: 0 | AI107: 0 | AJ107: 0 | AK107: 0
A108: USD | B108: 2026年6月3日 - 2026年6月24日 | C108: ="amzn1.ads-account.g.dfa7o7cwdl371d634ew58i919" -> amzn1.ads-account.g.dfa7o7cwdl371d634ew58i919 | D108: BLOOMNEXT | G108: ="585687237024345541" -> 585687237024345541 | H108: XM1-Y10-视频流媒体电视 | I108: ="585478290940566279" -> 585478290940566279 | J108: 广告组 - 6/2/2026 17:17:52.510 | K108: B09BN5RX6J | L108: =VLOOKUP(K108,Sheet1!A:B,2,FALSE) -> SH-BRY10-BU-45 | M108: BRONAX Pillow Slippers for Women and Men | House Slides Shower Sandals | Cushioned Thick Sole 44-45 Blue | N108: B0FX2TG8CW | O108: BRONAX | P108: 5000 Comfort | Q108: 5075 Men's Slippers | R108: Shoes | S108: AMAZON.COM | AB108: AMAZON.COM | AC108: 17 | AD108: 360.98 | AE108: 17 | AF108: 17 | AG108: 360.98 | AH108: 17 | AI108: 10 | AJ108: 227.96 | AK108: 10
A109: USD | B109: 2026年6月9日 - 2026年6月21日 | C109: ="amzn1.ads-account.g.dfa7o7cwdl371d634ew58i919" -> amzn1.ads-account.g.dfa7o7cwdl371d634ew58i919 | D109: BLOOMNEXT | G109: ="585687237024345541" -> 585687237024345541 | H109: XM1-Y10-视频流媒体电视 | I109: ="585478290940566279" -> 585478290940566279 | J109: 广告组 - 6/2/2026 17:17:52.510 | K109: B0GVYWC68K | L109: =VLOOKUP(K109,Sheet1!A:B,2,FALSE) -> XM2-Y90B-TP-W9N | M109: BRONAX Women's Arch Support Orthopedic Flip Flops Thong Tan Sandals Size 9 Summer Plantar Fasciitis Cushion Beach Pool Orthotic Flipflops Taupe | N109: B0GKCKCSMJ | O109: BRONAX | P109: 5000 Comfort | Q109: 5050 Women's Sandals | R109: Shoes | S109: AMAZON.COM | AB109: AMAZON.COM | AC109: 0 | AD109: 0 | AE109: 0 | AF109: 0 | AG109: 0 | AH109: 0 | AI109: 0 | AJ109: 0 | AK109: 0
A110: USD | B110: 2026年6月3日 - 2026年6月24日 | C110: ="amzn1.ads-account.g.dfa7o7cwdl371d634ew58i919" -> amzn1.ads-account.g.dfa7o7cwdl371d634ew58i919 | D110: BLOOMNEXT | G110: ="585687237024345541" -> 585687237024345541 | H110: XM1-Y10-视频流媒体电视 | I110: ="585478290940566279" -> 585478290940566279 | J110: 广告组 - 6/2/2026 17:17:52.510 | K110: B092QXDRSP | L110: =VLOOKUP(K110,Sheet1!A:B,2,FALSE) -> SH-BRY10-PK-36 | M110: BRONAX Pillow Slippers for Women and Men | House Slides Shower Sandals | Cushioned Thick Sole 35-36 Pink | N110: B0FX2TG8CW | O110: BRONAX | P110: 6000 Kids' Shoes | Q110: 6015 Dress | R110: Shoes | S110: AMAZON.COM | AB110: AMAZON.COM | AC110: 3 | AD110: 67.31 | AE110: 3 | AF110: 3 | AG110: 67.31 | AH110: 3 | AI110: 3 | AJ110: 67.31 | AK110: 3
A111: USD | B111: 2026年6月5日 - 2026年6月24日 | C111: ="amzn1.ads-account.g.dfa7o7cwdl371d634ew58i919" -> amzn1.ads-account.g.dfa7o7cwdl371d634ew58i919 | D111: BLOOMNEXT | G111: ="585687237024345541" -> 585687237024345541 | H111: XM1-Y10-视频流媒体电视 | I111: ="585478290940566279" -> 585478290940566279 | J111: 广告组 - 6/2/2026 17:17:52.510 | K111: B0BCY2VNFX | L111: =VLOOKUP(K111,Sheet1!A:B,2,FALSE) -> XM2-S71-BKGY-39 | M111: BRONAX Wide Tennis Shoes for Women Lace up Round Toe Comfortable Stylish Size 8w Athletic Gym Outdoor Sports Sneakers Walking Maternity Pregnancy Lightweight Casual Black 39 | N111: B0DK7YD2KT | O111: BRONAX | P111: 5500 Fashion | Q111: 5540 Women's Non Tech Athletic | R111: Shoes | S111: AMAZON.COM | AB111: AMAZON.COM | AC111: 2 | AD111: 93.97 | AE111: 2 | AF111: 2 | AG111: 93.97 | AH111: 2 | AI111: 0 | AJ111: 0 | AK111: 0
A112: USD | B112: 2026年6月14日 - 2026年6月19日 | C112: ="amzn1.ads-account.g.dfa7o7cwdl371d634ew58i919" -> amzn1.ads-account.g.dfa7o7cwdl371d634ew58i919 | D112: BLOOMNEXT | G112: ="585687237024345541" -> 585687237024345541 | H112: XM1-Y10-视频流媒体电视 | I112: ="585478290940566279" -> 585478290940566279 | J112: 广告组 - 6/2/2026 17:17:52.510 | K112: B0GVYSL997 | L112: =VLOOKUP(K112,Sheet1!A:B,2,FALSE) -> XM2-Y90B-DKBU-W9N | M112: BRONAX Women's Arch Support Orthopedic Flip Flops Thong Sandals Size 9 Plantar Fasciitis Summer Relief Beach Pool Flat Slides Blue | N112: B0GKCKCSMJ | O112: BRONAX | Q112: Unknown | R112: Shoes | S112: AMAZON.COM | AB112: AMAZON.COM | AC112: 2 | AD112: 19.98 | AE112: 2 | AF112: 2 | AG112: 19.98 | AH112: 2 | AI112: 1 | AJ112: 9.99 | AK112: 1
A113: USD | B113: 2026年6月23日 - 2026年6月24日 | C113: ="amzn1.ads-account.g.dfa7o7cwdl371d634ew58i919" -> amzn1.ads-account.g.dfa7o7cwdl371d634ew58i919 | D113: BLOOMNEXT | G113: ="585687237024345541" -> 585687237024345541 | H113: XM1-Y10-视频流媒体电视 | I113: ="585478290940566279" -> 585478290940566279 | J113: 广告组 - 6/2/2026 17:17:52.510 | K113: B0DCV8FRF4 | L113: =VLOOKUP(K113,Sheet1!A:B,2,FALSE) -> XM2-S75-BK-37 | M113: BRONAX Womens Wide Toe Box Tennis Shoes Wide Width Walking Sneakers Size 6.5w Rubber Sole Outdoor Athletics Sports Female Footwear Casual Jogging Sneakers Black 37 | N113: B0DCV7KQJM | O113: BRONAX | P113: 1000 Women's Private Label Shoes | Q113: 1012 Women's Heeled Sandals | R113: Shoes | S113: AMAZON.COM | AB113: AMAZON.COM | AC113: 0 | AD113: 0 | AE113: 0 | AF113: 0 | AG113: 0 | AH113: 0 | AI113: 0 | AJ113: 0 | AK113: 0
A114: USD | B114: 2026年6月7日 - 2026年6月10日 | C114: ="amzn1.ads-account.g.dfa7o7cwdl371d634ew58i919" -> amzn1.ads-account.g.dfa7o7cwdl371d634ew58i919 | D114: BLOOMNEXT | G114: ="585687237024345541" -> 585687237024345541 | H114: XM1-Y10-视频流媒体电视 | I114: ="585478290940566279" -> 585478290940566279 | J114: 广告组 - 6/2/2026 17:17:52.510 | K114: B092DF1CWS | L114: =VLOOKUP(K114,Sheet1!A:B,2,FALSE) -> SH-BRKD5-ABK-39 | M114: BRONAX Boys Tennis Shoes Comfortable Size 5 Childrens No Tie Zapatos para Niños Slip On Athetics Sports Sneakers Running Lightweight Black 39 | N114: B0CL6ZRY16 | O114: BRONAX | P114: 6000 Kids' Shoes | Q114: 6020 Casual | R114: Shoes | S114: AMAZON.COM | AB114: AMAZON.COM | AC114: 1 | AD114: 37.99 | AE114: 1 | AF114: 1 | AG114: 37.99 | AH114: 1 | AI114: 1 | AJ114: 37.99 | AK114: 1
A115: USD | B115: 2026年6月4日 - 2026年6月24日 | C115: ="amzn1.ads-account.g.dfa7o7cwdl371d634ew58i919" -> amzn1.ads-account.g.dfa7o7cwdl371d634ew58i919 | D115: BLOOMNEXT | G115: ="585687237024345541" -> 585687237024345541 | H115: XM1-Y10-视频流媒体电视 | I115: ="585478290940566279" -> 585478290940566279 | J115: 广告组 - 6/2/2026 17:17:52.510 | K115: B092QTQPBX | L115: =VLOOKUP(K115,Sheet1!A:B,2,FALSE) -> SH-BRY10-GY-45 | M115: BRONAX Pillow Slippers for Women and Men | House Slides Shower Sandals | Cushioned Thick Sole 44-45 Grey | N115: B0FX2TG8CW | O115: BRONAX | P115: 5500 Fashion | Q115: 5565 Men's Boots | R115: Shoes | S115: AMAZON.COM | AB115: AMAZON.COM | AC115: 10 | AD115: 219.66 | AE115: 10 | AF115: 10 | AG115: 219.66 | AH115: 10 | AI115: 7 | AJ115: 151.33 | AK115: 7
A116: USD | B116: 2026年6月16日 - 2026年6月20日 | C116: ="amzn1.ads-account.g.dfa7o7cwdl371d634ew58i919" -> amzn1.ads-account.g.dfa7o7cwdl371d634ew58i919 | D116: BLOOMNEXT | G116: ="585687237024345541" -> 585687237024345541 | H116: XM1-Y10-视频流媒体电视 | I116: ="585478290940566279" -> 585478290940566279 | J116: 广告组 - 6/2/2026 17:17:52.510 | K116: B0D2MRPXLV | L116: =VLOOKUP(K116,Sheet1!A:B,2,FALSE) -> SH-BRS73-WT-43 | M116: BRONAX Mens Wide Toe Box Tennis Shoes Lightweight Comfy Walking Road Running Size 9.5w Breathable Mesh Training Workout Athletics Sneakers Rubber Outsole Male Footwear White 43 | N116: B0D2NDY5DD | O116: BRONAX | P116: 7000 Athletic | Q116: 7011 Mens Running | R116: Shoes | S116: AMAZON.COM | AB116: AMAZON.COM | AC116: 0 | AD116: 0 | AE116: 0 | AF116: 0 | AG116: 0 | AH116: 0 | AI116: 0 | AJ116: 0 | AK116: 0
A117: USD | B117: 2026年6月5日 - 2026年6月20日 | C117: ="amzn1.ads-account.g.dfa7o7cwdl371d634ew58i919" -> amzn1.ads-account.g.dfa7o7cwdl371d634ew58i919 | D117: BLOOMNEXT | G117: ="585687237024345541" -> 585687237024345541 | H117: XM1-Y10-视频流媒体电视 | I117: ="585478290940566279" -> 585478290940566279 | J117: 广告组 - 6/2/2026 17:17:52.510 | K117: B0CM95DXSK | L117: =VLOOKUP(K117,Sheet1!A:B,2,FALSE) -> XM2-S73-BU-39 | M117: BRONAX Wide Tennis Shoes for Women Lace up Lightweight Comfortable Stylish Size 8w Road Tennis Female Sneakers Outdoor Athletics Walking Jogging Comfy Casual Zapatos Deportivos para Mujer Blue 39 | N117: B0DK7YD2KT | O117: BRONAX | P117: 1000 Women's Private Label Shoes | Q117: 1012 Women's Heeled Sandals | R117: Shoes | S117: AMAZON.COM | AB117: AMAZON.COM | AC117: 0 | AD117: 0 | AE117: 0 | AF117: 0 | AG117: 0 | AH117: 0 | AI117: 0 | AJ117: 0 | AK117: 0
...

Sheet Sheet1
A1: ASIN | B1: 卖家SKU
A2: B0H14S4VPX | B2: DD1-J101
A3: B0H143VHRM | B3: DD1-J101-BE-W10
A4: B0H148CLLW | B4: DD1-J101-BE-W11
A5: B0H13SHK9Q | B5: DD1-J101-BE-W6
A6: B0H13X9SZT | B6: DD1-J101-BE-W7
A7: B0H13V7N1Z | B7: DD1-J101-BE-W8
A8: B0H13W63S9 | B8: DD1-J101-BE-W9
A9: B0H13THYFP | B9: DD1-J101-BK-W10
A10: B0H14418PZ | B10: DD1-J101-BK-W11
A11: B0H148T4Q8 | B11: DD1-J101-BK-W6
A12: B0H145337Y | B12: DD1-J101-BK-W7
... A1533: B0FNRBZ8JL | B1533: Y10Y180-GY-47
